Workbook

Sheet back test
A1: Date of Backtest: | C1: 46293
A2: Total Capital (USD) | C2: 100000
A3: backtest duration: | C3: last 3 months | E3: 3 個月 = 2026-06-28 ~ 2026-09-28 (日曆 90 天)
D4: Total return (= TradingView Strategy Tester → Overview → Net Profit 的 %; 自動由各標的分頁帶入)
A5: 版本 | B5: 檔名 (backtest_r1-r9.3/ 資料夾) | C5: Timeframe | D5: SPY | E5: QQQ | F5: SOXL | G5: NVDA | H5: AMD | I5: TSM | J5: LITE | K5: GOOGL | L5: NBIS | M5: IREN | N5: HOOD | O5: TSLA | P5: AAPL | Q5: BTC-USD | R5: FUTU | S5: LMT | T5: ARM | U5: 平均 (已填格) | V5: 已填格數 | W5: 預設回測窗口 | X5: 要改的 Inputs (① 回測期間 群組)
A6: R1 | B6: r1_dashboard_(mode 1-4)_(09月20日; 21.59) | C6: 3 mins | D6: =IF('SPY'!D6="","",'SPY'!D6) | E6: =IF('QQQ'!D6="","",'QQQ'!D6) | F6: =IF('SOXL'!D6="","",'SOXL'!D6) | G6: =IF('NVDA'!D6="","",'NVDA'!D6) | H6: =IF('AMD'!D6="","",'AMD'!D6) | I6: =IF('TSM'!D6="","",'TSM'!D6) | J6: =IF('LITE'!D6="","",'LITE'!D6) | K6: =IF('GOOGL'!D6="","",'GOOGL'!D6) | L6: =IF('NBIS'!D6="","",'NBIS'!D6) | M6: =IF('IREN'!D6="","",'IREN'!D6) | N6: =IF('HOOD'!D6="","",'HOOD'!D6) | O6: =IF('TSLA'!D6="","",'TSLA'!D6) | P6: =IF('AAPL'!D6="","",'AAPL'!D6) | Q6: =IF('BTC-USD'!D6="","",'BTC-USD'!D6) | R6: =IF('FUTU'!D6="","",'FUTU'!D6) | S6: =IF('LMT'!D6="","",'LMT'!D6) | T6: =IF('ARM'!D6="","",'ARM'!D6) | U6: =IFERROR(AVERAGE(D6:T6),"") | V6: =COUNT(D6:T6)&"/17" | W6: 30 天 (一個月) | X6: winMode=最近 N 天 (日曆); lookbackD 30→90; tfExpect 1→3
A7: R2 | B7: r2_dashboard_(mode 2,4)_(09月26日; 17.40) | C7: 3 mins | D7: =IF('SPY'!D7="","",'SPY'!D7) | E7: =IF('QQQ'!D7="","",'QQQ'!D7) | F7: =IF('SOXL'!D7="","",'SOXL'!D7) | G7: =IF('NVDA'!D7="","",'NVDA'!D7) | H7: =IF('AMD'!D7="","",'AMD'!D7) | I7: =IF('TSM'!D7="","",'TSM'!D7) | J7: =IF('LITE'!D7="","",'LITE'!D7) | K7: =IF('GOOGL'!D7="","",'GOOGL'!D7) | L7: =IF('NBIS'!D7="","",'NBIS'!D7) | M7: =IF('IREN'!D7="","",'IREN'!D7) | N7: =IF('HOOD'!D7="","",'HOOD'!D7) | O7: =IF('TSLA'!D7="","",'TSLA'!D7) | P7: =IF('AAPL'!D7="","",'AAPL'!D7) | Q7: =IF('BTC-USD'!D7="","",'BTC-USD'!D7) | R7: =IF('FUTU'!D7="","",'FUTU'!D7) | S7: =IF('LMT'!D7="","",'LMT'!D7) | T7: =IF('ARM'!D7="","",'ARM'!D7) | U7: =IFERROR(AVERAGE(D7:T7),"") | V7: =COUNT(D7:T7)&"/17" | W7: 30 天 (一個月) | X7: winMode=最近 N 天 (日曆); lookbackD 30→90; tfExpect 1→3
A8: R3 | B8: r3_dashboard_(mode 2,4)_(09月26日; 21.11) | C8: 3 mins | D8: =IF('SPY'!D8="","",'SPY'!D8) | E8: =IF('QQQ'!D8="","",'QQQ'!D8) | F8: =IF('SOXL'!D8="","",'SOXL'!D8) | G8: =IF('NVDA'!D8="","",'NVDA'!D8) | H8: =IF('AMD'!D8="","",'AMD'!D8) | I8: =IF('TSM'!D8="","",'TSM'!D8) | J8: =IF('LITE'!D8="","",'LITE'!D8) | K8: =IF('GOOGL'!D8="","",'GOOGL'!D8) | L8: =IF('NBIS'!D8="","",'NBIS'!D8) | M8: =IF('IREN'!D8="","",'IREN'!D8) | N8: =IF('HOOD'!D8="","",'HOOD'!D8) | O8: =IF('TSLA'!D8="","",'TSLA'!D8) | P8: =IF('AAPL'!D8="","",'AAPL'!D8) | Q8: =IF('BTC-USD'!D8="","",'BTC-USD'!D8) | R8: =IF('FUTU'!D8="","",'FUTU'!D8) | S8: =IF('LMT'!D8="","",'LMT'!D8) | T8: =IF('ARM'!D8="","",'ARM'!D8) | U8: =IFERROR(AVERAGE(D8:T8),"") | V8: =COUNT(D8:T8)&"/17" | W8: 30 天 (一個月) | X8: winMode=最近 N 天 (日曆); lookbackD 30→90; tfExpect 1→3
A9: R4 | B9: r4_dashboard_(mode 2,4)_(09月26日; 21.33) | C9: 3 mins | D9: =IF('SPY'!D9="","",'SPY'!D9) | E9: =IF('QQQ'!D9="","",'QQQ'!D9) | F9: =IF('SOXL'!D9="","",'SOXL'!D9) | G9: =IF('NVDA'!D9="","",'NVDA'!D9) | H9: =IF('AMD'!D9="","",'AMD'!D9) | I9: =IF('TSM'!D9="","",'TSM'!D9) | J9: =IF('LITE'!D9="","",'LITE'!D9) | K9: =IF('GOOGL'!D9="","",'GOOGL'!D9) | L9: =IF('NBIS'!D9="","",'NBIS'!D9) | M9: =IF('IREN'!D9="","",'IREN'!D9) | N9: =IF('HOOD'!D9="","",'HOOD'!D9) | O9: =IF('TSLA'!D9="","",'TSLA'!D9) | P9: =IF('AAPL'!D9="","",'AAPL'!D9) | Q9: =IF('BTC-USD'!D9="","",'BTC-USD'!D9) | R9: =IF('FUTU'!D9="","",'FUTU'!D9) | S9: =IF('LMT'!D9="","",'LMT'!D9) | T9: =IF('ARM'!D9="","",'ARM'!D9) | U9: =IFERROR(AVERAGE(D9:T9),"") | V9: =COUNT(D9:T9)&"/17" | W9: 30 天 (一個月) | X9: winMode=最近 N 天 (日曆); lookbackD 30→90; tfExpect 1→3
A10: R5 | B10: r5_dashboard_(mode 2,4)_(09月26日; 21.53) | C10: 3 mins | D10: =IF('SPY'!D10="","",'SPY'!D10) | E10: =IF('QQQ'!D10="","",'QQQ'!D10) | F10: =IF('SOXL'!D10="","",'SOXL'!D10) | G10: =IF('NVDA'!D10="","",'NVDA'!D10) | H10: =IF('AMD'!D10="","",'AMD'!D10) | I10: =IF('TSM'!D10="","",'TSM'!D10) | J10: =IF('LITE'!D10="","",'LITE'!D10) | K10: =IF('GOOGL'!D10="","",'GOOGL'!D10) | L10: =IF('NBIS'!D10="","",'NBIS'!D10) | M10: =IF('IREN'!D10="","",'IREN'!D10) | N10: =IF('HOOD'!D10="","",'HOOD'!D10) | O10: =IF('TSLA'!D10="","",'TSLA'!D10) | P10: =IF('AAPL'!D10="","",'AAPL'!D10) | Q10: =IF('BTC-USD'!D10="","",'BTC-USD'!D10) | R10: =IF('FUTU'!D10="","",'FUTU'!D10) | S10: =IF('LMT'!D10="","",'LMT'!D10) | T10: =IF('ARM'!D10="","",'ARM'!D10) | U10: =IFERROR(AVERAGE(D10:T10),"") | V10: =COUNT(D10:T10)&"/17" | W10: 30 天 (一個月) | X10: winMode=最近 N 天 (日曆); lookbackD 30→90; tfExpect 1→3
A11: R6 | B11: r6_dashboard_(mode 2,4)_(09月26日; 22.09) | C11: 3 mins | D11: =IF('SPY'!D11="","",'SPY'!D11) | E11: =IF('QQQ'!D11="","",'QQQ'!D11) | F11: =IF('SOXL'!D11="","",'SOXL'!D11) | G11: =IF('NVDA'!D11="","",'NVDA'!D11) | H11: =IF('AMD'!D11="","",'AMD'!D11) | I11: =IF('TSM'!D11="","",'TSM'!D11) | J11: =IF('LITE'!D11="","",'LITE'!D11) | K11: =IF('GOOGL'!D11="","",'GOOGL'!D11) | L11: =IF('NBIS'!D11="","",'NBIS'!D11) | M11: =IF('IREN'!D11="","",'IREN'!D11) | N11: =IF('HOOD'!D11="","",'HOOD'!D11) | O11: =IF('TSLA'!D11="","",'TSLA'!D11) | P11: =IF('AAPL'!D11="","",'AAPL'!D11) | Q11: =IF('BTC-USD'!D11="","",'BTC-USD'!D11) | R11: =IF('FUTU'!D11="","",'FUTU'!D11) | S11: =IF('LMT'!D11="","",'LMT'!D11) | T11: =IF('ARM'!D11="","",'ARM'!D11) | U11: =IFERROR(AVERAGE(D11:T11),"") | V11: =COUNT(D11:T11)&"/17" | W11: 30 天 (一個月) | X11: winMode=最近 N 天 (日曆); lookbackD 30→90; tfExpect 1→3
A12: R7 | B12: r7_dashboard_(mode 2,4)_(09月26日; 22.25) | C12: 3 mins | D12: =IF('SPY'!D12="","",'SPY'!D12) | E12: =IF('QQQ'!D12="","",'QQQ'!D12) | F12: =IF('SOXL'!D12="","",'SOXL'!D12) | G12: =IF('NVDA'!D12="","",'NVDA'!D12) | H12: =IF('AMD'!D12="","",'AMD'!D12) | I12: =IF('TSM'!D12="","",'TSM'!D12) | J12: =IF('LITE'!D12="","",'LITE'!D12) | K12: =IF('GOOGL'!D12="","",'GOOGL'!D12) | L12: =IF('NBIS'!D12="","",'NBIS'!D12) | M12: =IF('IREN'!D12="","",'IREN'!D12) | N12: =IF('HOOD'!D12="","",'HOOD'!D12) | O12: =IF('TSLA'!D12="","",'TSLA'!D12) | P12: =IF('AAPL'!D12="","",'AAPL'!D12) | Q12: =IF('BTC-USD'!D12="","",'BTC-USD'!D12) | R12: =IF('FUTU'!D12="","",'FUTU'!D12) | S12: =IF('LMT'!D12="","",'LMT'!D12) | T12: =IF('ARM'!D12="","",'ARM'!D12) | U12: =IFERROR(AVERAGE(D12:T12),"") | V12: =COUNT(D12:T12)&"/17" | W12: 30 天 (一個月) | X12: winMode=最近 N 天 (日曆); lookbackD 30→90; tfExpect 1→3
A13: R8 | B13: r8_dashboard_(mode 2,4)_(09月27日; 00.58) | C13: 3 mins | D13: =IF('SPY'!D13="","",'SPY'!D13) | E13: =IF('QQQ'!D13="","",'QQQ'!D13) | F13: =IF('SOXL'!D13="","",'SOXL'!D13) | G13: =IF('NVDA'!D13="","",'NVDA'!D13) | H13: =IF('AMD'!D13="","",'AMD'!D13) | I13: =IF('TSM'!D13="","",'TSM'!D13) | J13: =IF('LITE'!D13="","",'LITE'!D13) | K13: =IF('GOOGL'!D13="","",'GOOGL'!D13) | L13: =IF('NBIS'!D13="","",'NBIS'!D13) | M13: =IF('IREN'!D13="","",'IREN'!D13) | N13: =IF('HOOD'!D13="","",'HOOD'!D13) | O13: =IF('TSLA'!D13="","",'TSLA'!D13) | P13: =IF('AAPL'!D13="","",'AAPL'!D13) | Q13: =IF('BTC-USD'!D13="","",'BTC-USD'!D13) | R13: =IF('FUTU'!D13="","",'FUTU'!D13) | S13: =IF('LMT'!D13="","",'LMT'!D13) | T13: =IF('ARM'!D13="","",'ARM'!D13) | U13: =IFERROR(AVERAGE(D13:T13),"") | V13: =COUNT(D13:T13)&"/17" | W13: 30 天 (一個月) | X13: winMode=最近 N 天 (日曆); lookbackD 30→90; tfExpect 1→3
A14: R9 | B14: r9_dashboard_(mode 2,4)_(09月27日; 23.15) | C14: 3 mins | D14: =IF('SPY'!D14="","",'SPY'!D14) | E14: =IF('QQQ'!D14="","",'QQQ'!D14) | F14: =IF('SOXL'!D14="","",'SOXL'!D14) | G14: =IF('NVDA'!D14="","",'NVDA'!D14) | H14: =IF('AMD'!D14="","",'AMD'!D14) | I14: =IF('TSM'!D14="","",'TSM'!D14) | J14: =IF('LITE'!D14="","",'LITE'!D14) | K14: =IF('GOOGL'!D14="","",'GOOGL'!D14) | L14: =IF('NBIS'!D14="","",'NBIS'!D14) | M14: =IF('IREN'!D14="","",'IREN'!D14) | N14: =IF('HOOD'!D14="","",'HOOD'!D14) | O14: =IF('TSLA'!D14="","",'TSLA'!D14) | P14: =IF('AAPL'!D14="","",'AAPL'!D14) | Q14: =IF('BTC-USD'!D14="","",'BTC-USD'!D14) | R14: =IF('FUTU'!D14="","",'FUTU'!D14) | S14: =IF('LMT'!D14="","",'LMT'!D14) | T14: =IF('ARM'!D14="","",'ARM'!D14) | U14: =IFERROR(AVERAGE(D14:T14),"") | V14: =COUNT(D14:T14)&"/17" | W14: 30 天 (一個月) | X14: winMode=最近 N 天 (日曆); lookbackD 30→90; tfExpect 1→3
A15: R9.1 | B15: r9.1_dashboard_(mode 2,4)_(09月28日; 09.34) | C15: 3 mins | D15: =IF('SPY'!D15="","",'SPY'!D15) | E15: =IF('QQQ'!D15="","",'QQQ'!D15) | F15: =IF('SOXL'!D15="","",'SOXL'!D15) | G15: =IF('NVDA'!D15="","",'NVDA'!D15) | H15: =IF('AMD'!D15="","",'AMD'!D15) | I15: =IF('TSM'!D15="","",'TSM'!D15) | J15: =IF('LITE'!D15="","",'LITE'!D15) | K15: =IF('GOOGL'!D15="","",'GOOGL'!D15) | L15: =IF('NBIS'!D15="","",'NBIS'!D15) | M15: =IF('IREN'!D15="","",'IREN'!D15) | N15: =IF('HOOD'!D15="","",'HOOD'!D15) | O15: =IF('TSLA'!D15="","",'TSLA'!D15) | P15: =IF('AAPL'!D15="","",'AAPL'!D15) | Q15: =IF('BTC-USD'!D15="","",'BTC-USD'!D15) | R15: =IF('FUTU'!D15="","",'FUTU'!D15) | S15: =IF('LMT'!D15="","",'LMT'!D15) | T15: =IF('ARM'!D15="","",'ARM'!D15) | U15: =IFERROR(AVERAGE(D15:T15),"") | V15: =COUNT(D15:T15)&"/17" | W15: 90 天 (三個月) ✓ | X15: 只改 tfExpect 1→3 (窗口預設已是 90 天)
A16: R9.2 | B16: r9.2_dashboard_(mode 2,4)_(09月28日; 09.50) | C16: 3 mins | D16: =IF('SPY'!D16="","",'SPY'!D16) | E16: =IF('QQQ'!D16="","",'QQQ'!D16) | F16: =IF('SOXL'!D16="","",'SOXL'!D16) | G16: =IF('NVDA'!D16="","",'NVDA'!D16) | H16: =IF('AMD'!D16="","",'AMD'!D16) | I16: =IF('TSM'!D16="","",'TSM'!D16) | J16: =IF('LITE'!D16="","",'LITE'!D16) | K16: =IF('GOOGL'!D16="","",'GOOGL'!D16) | L16: =IF('NBIS'!D16="","",'NBIS'!D16) | M16: =IF('IREN'!D16="","",'IREN'!D16) | N16: =IF('HOOD'!D16="","",'HOOD'!D16) | O16: =IF('TSLA'!D16="","",'TSLA'!D16) | P16: =IF('AAPL'!D16="","",'AAPL'!D16) | Q16: =IF('BTC-USD'!D16="","",'BTC-USD'!D16) | R16: =IF('FUTU'!D16="","",'FUTU'!D16) | S16: =IF('LMT'!D16="","",'LMT'!D16) | T16: =IF('ARM'!D16="","",'ARM'!D16) | U16: =IFERROR(AVERAGE(D16:T16),"") | V16: =COUNT(D16:T16)&"/17" | W16: 365 天 (十二個月) | X16: winMode=最近 N 天 (日曆); lookbackD 365→90; tfExpect 1→3
A17: R9.3 | B17: r9.3_dashboard_(mode 2,4)_(09月28日; 10.10) | C17: 3 mins | D17: =IF('SPY'!D17="","",'SPY'!D17) | E17: =IF('QQQ'!D17="","",'QQQ'!D17) | F17: =IF('SOXL'!D17="","",'SOXL'!D17) | G17: =IF('NVDA'!D17="","",'NVDA'!D17) | H17: =IF('AMD'!D17="","",'AMD'!D17) | I17: =IF('TSM'!D17="","",'TSM'!D17) | J17: =IF('LITE'!D17="","",'LITE'!D17) | K17: =IF('GOOGL'!D17="","",'GOOGL'!D17) | L17: =IF('NBIS'!D17="","",'NBIS'!D17) | M17: =IF('IREN'!D17="","",'IREN'!D17) | N17: =IF('HOOD'!D17="","",'HOOD'!D17) | O17: =IF('TSLA'!D17="","",'TSLA'!D17) | P17: =IF('AAPL'!D17="","",'AAPL'!D17) | Q17: =IF('BTC-USD'!D17="","",'BTC-USD'!D17) | R17: =IF('FUTU'!D17="","",'FUTU'!D17) | S17: =IF('LMT'!D17="","",'LMT'!D17) | T17: =IF('ARM'!D17="","",'ARM'!D17) | U17: =IFERROR(AVERAGE(D17:T17),"") | V17: =COUNT(D17:T17)&"/17" | W17: 365 天 (十二個月) | X17: winMode=最近 N 天 (日曆); lookbackD 365→90; tfExpect 1→3
A19: 圖例: 這一頁全部是公式 (綠字), 不要在這裡打字。要填的格在各標的分頁 (SPY, QQQ, …) 的黃底藍字欄。
A20: 你先前 mini Excel 已填的 3 個值 (SPY/R1 −133.91, SPY/R9.3 −47,000, QQQ/R9.3 −48,000) 是用各腳本「預設窗口」(R1 = 30 天, R9.3 = 365 天) 跑出來的 $ 金額, 不是 3 個月, 已移到 SPY / QQQ 分頁的「既有記錄」欄留底, 請按「步驟」分頁改好 Inputs 後重跑。
A21: Total return 請填 Strategy Tester → Overview → Net Profit 下方的 % (例: −1.23% 就填 −1.23%), 不是 $ 金額; $ 金額另有一欄。
A22: 本檔由 Claude 依 mini Excel 版面生成; 所有回報數字均須由你在 TradingView 上實跑後填入, 檔內沒有任何預填的回測結果。

Sheet 步驟
B1: TradingView 手動回測步驟 (3 mins · 最近 3 個月 · R1 ~ R9.3 · 17 個標的 = 12 × 17 = 204 次)
A2: 1 | B2: 在 TradingView 打開 Pine Editor → New blank script → 把 backtest_r1-r9.3/ 資料夾裡對應的 r{n}_dashboard_… .pine 全文貼上 → Save, 名稱照檔內 strategy("…") 的字串 (冒號版)。12 個 dashboard 各存一次, 之後每次只需 Add to chart。
A3: 2 | B3: 副圖 (r{n}_RSI-mode2 / r{n}_winrate-mode4, R9 起為 r{n}_RSI-winrate) 只是顯示用, 不影響 Total return; 抄數字時可以不加, 想看訊號再加。
A4: 3 | B4: 圖表週期切到 3 分鐘 (3m)。腳本會用圖表週期算, 不必改程式; 但請到策略 Settings → Inputs → ① 回測期間 群組把「策略設計的 K 線週期」(tfExpect) 由 1 改 3, 否則右上報表會顯示「⚠ 圖表週期 3 ≠ 設定 1」(只是提醒, 不影響下單)。
A5: 4 | B5: 同一個 Inputs 群組把回測窗口統一成 3 個月: 「回測期間方式」選「最近 N 天 (日曆)」, 「方式 B · 最近 N 天」填 90。R1~R9 預設 30, R9.2/R9.3 預設 365, 一定要改; R9.1 預設已是 90, 不用改。也可以改用「指定日期」2026-06-28 00:00 ~ 2026-09-28 23:59, 17 個標的都用同一段, 結果最好比。
A6: 5 | B6: 若要 12 個版本都用一樣的設定, 改好一次後在 Inputs 視窗左下 Defaults → Save as default (每支腳本各存一次), 之後換標的不用重設。
A7: 6 | B7: 換標的: 圖表上方輸入 SPY / QQQ / … (美股用 NASDAQ: 或 NYSE:/AMEX: 都可, 交易所時區自動處理; BTC-USD 建議 COINBASE:BTCUSD 或 BITSTAMP:BTCUSD)。等 Strategy Tester 重算完 (右下有進度)。
A8: 7 | B8: 確認 K 線有載滿 3 個月: 3 mins × 3 個月 ≈ 63 個交易日 × 130 根 ≈ 8,200 根。Premium (20,000 根) / Pro+ (10,000 根) 一次就夠; Pro (10,000) 剛好夠; Basic 免費 (5,000 根) 載不滿 → 用「指定日期」分兩段 (06-28~08-12, 08-13~09-28) 各跑一次, 兩段 Net Profit % 相加 (近似)。右上報表若出現「⚠ 時段不符!」或 barsTot 很小 = 沒載滿, 先把圖表往左拖一下再重算。
A9: 8 | B9: Strategy Tester → Overview → Net Profit: 上面是 $ (填 C 欄), 下面小字是 % (填 D 欄 = Total return)。順手抄 Total closed trades / Percent profitable / Max drawdown / Profit factor 到 E~H 欄, 之後比較版本時用得到。
A10: 9 | B10: 每個標的一頁 (SPY, QQQ, …), 每頁 12 列 (R1~R9.3)。「back test」摘要頁的 Total return 矩陣會自動帶入, 不要在摘要頁打字。
B12: 填寫範例 (只是格式示範, 不是真實結果): Net Profit ($) 欄輸入 -1234.56 → 顯示 (1,234.56); Net Profit (%) 欄輸入 -1.23% → 顯示 -1.23%, 摘要頁同步顯示 -1.23%; Percent profitable 輸入 45.6%; Profit factor 輸入 0.87。
B14: 各版本要改的 Inputs 一覽 (同「back test」頁最右兩欄):
A15: 版本 | B15: 檔名 | C15: 預設回測窗口 | D15: 要改的 Inputs
A16: R1 | B16: r1_dashboard_(mode 1-4)_(09月20日; 21.59) | C16: 30 天 (一個月) | D16: winMode=最近 N 天 (日曆); lookbackD 30→90; tfExpect 1→3
A17: R2 | B17: r2_dashboard_(mode 2,4)_(09月26日; 17.40) | C17: 30 天 (一個月) | D17: winMode=最近 N 天 (日曆); lookbackD 30→90; tfExpect 1→3
A18: R3 | B18: r3_dashboard_(mode 2,4)_(09月26日; 21.11) | C18: 30 天 (一個月) | D18: winMode=最近 N 天 (日曆); lookbackD 30→90; tfExpect 1→3
A19: R4 | B19: r4_dashboard_(mode 2,4)_(09月26日; 21.33) | C19: 30 天 (一個月) | D19: winMode=最近 N 天 (日曆); lookbackD 30→90; tfExpect 1→3
A20: R5 | B20: r5_dashboard_(mode 2,4)_(09月26日; 21.53) | C20: 30 天 (一個月) | D20: winMode=最近 N 天 (日曆); lookbackD 30→90; tfExpect 1→3
A21: R6 | B21: r6_dashboard_(mode 2,4)_(09月26日; 22.09) | C21: 30 天 (一個月) | D21: winMode=最近 N 天 (日曆); lookbackD 30→90; tfExpect 1→3
A22: R7 | B22: r7_dashboard_(mode 2,4)_(09月26日; 22.25) | C22: 30 天 (一個月) | D22: winMode=最近 N 天 (日曆); lookbackD 30→90; tfExpect 1→3
A23: R8 | B23: r8_dashboard_(mode 2,4)_(09月27日; 00.58) | C23: 30 天 (一個月) | D23: winMode=最近 N 天 (日曆); lookbackD 30→90; tfExpect 1→3
A24: R9 | B24: r9_dashboard_(mode 2,4)_(09月27日; 23.15) | C24: 30 天 (一個月) | D24: winMode=最近 N 天 (日曆); lookbackD 30→90; tfExpect 1→3
A25: R9.1 | B25: r9.1_dashboard_(mode 2,4)_(09月28日; 09.34) | C25: 90 天 (三個月) ✓ | D25: 只改 tfExpect 1→3 (窗口預設已是 90 天)
A26: R9.2 | B26: r9.2_dashboard_(mode 2,4)_(09月28日; 09.50) | C26: 365 天 (十二個月) | D26: winMode=最近 N 天 (日曆); lookbackD 365→90; tfExpect 1→3
A27: R9.3 | B27: r9.3_dashboard_(mode 2,4)_(09月28日; 10.10) | C27: 365 天 (十二個月) | D27: winMode=最近 N 天 (日曆); lookbackD 365→90; tfExpect 1→3

Sheet SPY
A1: SPY
A2: Timeframe: 3 mins · 回測窗口: 最近 90 天 (2026-06-28 ~ 2026-09-28) · 初始資金: USD 100,000 · 手續費 0.03% + 滑價 2 tick (腳本內建)
A3: 黃底藍字 = 你要填的格 (C~H 欄); 「Net Profit (%)」會自動帶回「back test」摘要頁。百分比請直接輸入如 -1.23% (Excel 會存成 -0.0123)。
A5: 版本 | B5: 檔名 | C5: Net Profit ($) | D5: Net Profit (%) = Total return | E5: Total closed trades | F5: Percent profitable (%) | G5: Max drawdown (%) | H5: Profit factor | I5: 既有記錄 ($, 預設窗口, 非 3 個月) | J5: 備註 (例: 圖表警告 / 未載滿 K 線)
A6: R1 | B6: r1_dashboard_(mode 1-4)_(09月20日; 21.59) | I6: -133.91
A7: R2 | B7: r2_dashboard_(mode 2,4)_(09月26日; 17.40)
A8: R3 | B8: r3_dashboard_(mode 2,4)_(09月26日; 21.11)
A9: R4 | B9: r4_dashboard_(mode 2,4)_(09月26日; 21.33)
A10: R5 | B10: r5_dashboard_(mode 2,4)_(09月26日; 21.53)
A11: R6 | B11: r6_dashboard_(mode 2,4)_(09月26日; 22.09)
A12: R7 | B12: r7_dashboard_(mode 2,4)_(09月26日; 22.25)
A13: R8 | B13: r8_dashboard_(mode 2,4)_(09月27日; 00.58)
A14: R9 | B14: r9_dashboard_(mode 2,4)_(09月27日; 23.15)
A15: R9.1 | B15: r9.1_dashboard_(mode 2,4)_(09月28日; 09.34)
A16: R9.2 | B16: r9.2_dashboard_(mode 2,4)_(09月28日; 09.50)
A17: R9.3 | B17: r9.3_dashboard_(mode 2,4)_(09月28日; 10.10) | I17: -47000

Sheet QQQ
A1: QQQ
A2: Timeframe: 3 mins · 回測窗口: 最近 90 天 (2026-06-28 ~ 2026-09-28) · 初始資金: USD 100,000 · 手續費 0.03% + 滑價 2 tick (腳本內建)
A3: 黃底藍字 = 你要填的格 (C~H 欄); 「Net Profit (%)」會自動帶回「back test」摘要頁。百分比請直接輸入如 -1.23% (Excel 會存成 -0.0123)。
A5: 版本 | B5: 檔名 | C5: Net Profit ($) | D5: Net Profit (%) = Total return | E5: Total closed trades | F5: Percent profitable (%) | G5: Max drawdown (%) | H5: Profit factor | I5: 既有記錄 ($, 預設窗口, 非 3 個月) | J5: 備註 (例: 圖表警告 / 未載滿 K 線)
A6: R1 | B6: r1_dashboard_(mode 1-4)_(09月20日; 21.59)
A7: R2 | B7: r2_dashboard_(mode 2,4)_(09月26日; 17.40)
A8: R3 | B8: r3_dashboard_(mode 2,4)_(09月26日; 21.11)
A9: R4 | B9: r4_dashboard_(mode 2,4)_(09月26日; 21.33)
A10: R5 | B10: r5_dashboard_(mode 2,4)_(09月26日; 21.53)
A11: R6 | B11: r6_dashboard_(mode 2,4)_(09月26日; 22.09)
A12: R7 | B12: r7_dashboard_(mode 2,4)_(09月26日; 22.25)
A13: R8 | B13: r8_dashboard_(mode 2,4)_(09月27日; 00.58)
A14: R9 | B14: r9_dashboard_(mode 2,4)_(09月27日; 23.15)
A15: R9.1 | B15: r9.1_dashboard_(mode 2,4)_(09月28日; 09.34)
A16: R9.2 | B16: r9.2_dashboard_(mode 2,4)_(09月28日; 09.50)
A17: R9.3 | B17: r9.3_dashboard_(mode 2,4)_(09月28日; 10.10) | I17: -48000

Sheet SOXL
A1: SOXL
A2: Timeframe: 3 mins · 回測窗口: 最近 90 天 (2026-06-28 ~ 2026-09-28) · 初始資金: USD 100,000 · 手續費 0.03% + 滑價 2 tick (腳本內建)
A3: 黃底藍字 = 你要填的格 (C~H 欄); 「Net Profit (%)」會自動帶回「back test」摘要頁。百分比請直接輸入如 -1.23% (Excel 會存成 -0.0123)。
A5: 版本 | B5: 檔名 | C5: Net Profit ($) | D5: Net Profit (%) = Total return | E5: Total closed trades | F5: Percent profitable (%) | G5: Max drawdown (%) | H5: Profit factor | I5: 既有記錄 ($, 預設窗口, 非 3 個月) | J5: 備註 (例: 圖表警告 / 未載滿 K 線)
A6: R1 | B6: r1_dashboard_(mode 1-4)_(09月20日; 21.59)
A7: R2 | B7: r2_dashboard_(mode 2,4)_(09月26日; 17.40)
A8: R3 | B8: r3_dashboard_(mode 2,4)_(09月26日; 21.11)
A9: R4 | B9: r4_dashboard_(mode 2,4)_(09月26日; 21.33)
A10: R5 | B10: r5_dashboard_(mode 2,4)_(09月26日; 21.53)
A11: R6 | B11: r6_dashboard_(mode 2,4)_(09月26日; 22.09)
A12: R7 | B12: r7_dashboard_(mode 2,4)_(09月26日; 22.25)
A13: R8 | B13: r8_dashboard_(mode 2,4)_(09月27日; 00.58)
A14: R9 | B14: r9_dashboard_(mode 2,4)_(09月27日; 23.15)
A15: R9.1 | B15: r9.1_dashboard_(mode 2,4)_(09月28日; 09.34)
A16: R9.2 | B16: r9.2_dashboard_(mode 2,4)_(09月28日; 09.50)
A17: R9.3 | B17: r9.3_dashboard_(mode 2,4)_(09月28日; 10.10)

Sheet NVDA
A1: NVDA
A2: Timeframe: 3 mins · 回測窗口: 最近 90 天 (2026-06-28 ~ 2026-09-28) · 初始資金: USD 100,000 · 手續費 0.03% + 滑價 2 tick (腳本內建)
A3: 黃底藍字 = 你要填的格 (C~H 欄); 「Net Profit (%)」會自動帶回「back test」摘要頁。百分比請直接輸入如 -1.23% (Excel 會存成 -0.0123)。
A5: 版本 | B5: 檔名 | C5: Net Profit ($) | D5: Net Profit (%) = Total return | E5: Total closed trades | F5: Percent profitable (%) | G5: Max drawdown (%) | H5: Profit factor | I5: 既有記錄 ($, 預設窗口, 非 3 個月) | J5: 備註 (例: 圖表警告 / 未載滿 K 線)
A6: R1 | B6: r1_dashboard_(mode 1-4)_(09月20日; 21.59)
A7: R2 | B7: r2_dashboard_(mode 2,4)_(09月26日; 17.40)
A8: R3 | B8: r3_dashboard_(mode 2,4)_(09月26日; 21.11)
A9: R4 | B9: r4_dashboard_(mode 2,4)_(09月26日; 21.33)
A10: R5 | B10: r5_dashboard_(mode 2,4)_(09月26日; 21.53)
A11: R6 | B11: r6_dashboard_(mode 2,4)_(09月26日; 22.09)
A12: R7 | B12: r7_dashboard_(mode 2,4)_(09月26日; 22.25)
A13: R8 | B13: r8_dashboard_(mode 2,4)_(09月27日; 00.58)
A14: R9 | B14: r9_dashboard_(mode 2,4)_(09月27日; 23.15)
A15: R9.1 | B15: r9.1_dashboard_(mode 2,4)_(09月28日; 09.34)
A16: R9.2 | B16: r9.2_dashboard_(mode 2,4)_(09月28日; 09.50)
A17: R9.3 | B17: r9.3_dashboard_(mode 2,4)_(09月28日; 10.10)

Sheet AMD
A1: AMD
A2: Timeframe: 3 mins · 回測窗口: 最近 90 天 (2026-06-28 ~ 2026-09-28) · 初始資金: USD 100,000 · 手續費 0.03% + 滑價 2 tick (腳本內建)
A3: 黃底藍字 = 你要填的格 (C~H 欄); 「Net Profit (%)」會自動帶回「back test」摘要頁。百分比請直接輸入如 -1.23% (Excel 會存成 -0.0123)。
A5: 版本 | B5: 檔名 | C5: Net Profit ($) | D5: Net Profit (%) = Total return | E5: Total closed trades | F5: Percent profitable (%) | G5: Max drawdown (%) | H5: Profit factor | I5: 既有記錄 ($, 預設窗口, 非 3 個月) | J5: 備註 (例: 圖表警告 / 未載滿 K 線)
A6: R1 | B6: r1_dashboard_(mode 1-4)_(09月20日; 21.59)
A7: R2 | B7: r2_dashboard_(mode 2,4)_(09月26日; 17.40)
A8: R3 | B8: r3_dashboard_(mode 2,4)_(09月26日; 21.11)
A9: R4 | B9: r4_dashboard_(mode 2,4)_(09月26日; 21.33)
A10: R5 | B10: r5_dashboard_(mode 2,4)_(09月26日; 21.53)
A11: R6 | B11: r6_dashboard_(mode 2,4)_(09月26日; 22.09)
A12: R7 | B12: r7_dashboard_(mode 2,4)_(09月26日; 22.25)
A13: R8 | B13: r8_dashboard_(mode 2,4)_(09月27日; 00.58)
A14: R9 | B14: r9_dashboard_(mode 2,4)_(09月27日; 23.15)
A15: R9.1 | B15: r9.1_dashboard_(mode 2,4)_(09月28日; 09.34)
A16: R9.2 | B16: r9.2_dashboard_(mode 2,4)_(09月28日; 09.50)
A17: R9.3 | B17: r9.3_dashboard_(mode 2,4)_(09月28日; 10.10)

Sheet TSM
A1: TSM
A2: Timeframe: 3 mins · 回測窗口: 最近 90 天 (2026-06-28 ~ 2026-09-28) · 初始資金: USD 100,000 · 手續費 0.03% + 滑價 2 tick (腳本內建)
A3: 黃底藍字 = 你要填的格 (C~H 欄); 「Net Profit (%)」會自動帶回「back test」摘要頁。百分比請直接輸入如 -1.23% (Excel 會存成 -0.0123)。
A5: 版本 | B5: 檔名 | C5: Net Profit ($) | D5: Net Profit (%) = Total return | E5: Total closed trades | F5: Percent profitable (%) | G5: Max drawdown (%) | H5: Profit factor | I5: 既有記錄 ($, 預設窗口, 非 3 個月) | J5: 備註 (例: 圖表警告 / 未載滿 K 線)
A6: R1 | B6: r1_dashboard_(mode 1-4)_(09月20日; 21.59)
A7: R2 | B7: r2_dashboard_(mode 2,4)_(09月26日; 17.40)
A8: R3 | B8: r3_dashboard_(mode 2,4)_(09月26日; 21.11)
A9: R4 | B9: r4_dashboard_(mode 2,4)_(09月26日; 21.33)
A10: R5 | B10: r5_dashboard_(mode 2,4)_(09月26日; 21.53)
A11: R6 | B11: r6_dashboard_(mode 2,4)_(09月26日; 22.09)
A12: R7 | B12: r7_dashboard_(mode 2,4)_(09月26日; 22.25)
A13: R8 | B13: r8_dashboard_(mode 2,4)_(09月27日; 00.58)
A14: R9 | B14: r9_dashboard_(mode 2,4)_(09月27日; 23.15)
A15: R9.1 | B15: r9.1_dashboard_(mode 2,4)_(09月28日; 09.34)
A16: R9.2 | B16: r9.2_dashboard_(mode 2,4)_(09月28日; 09.50)
A17: R9.3 | B17: r9.3_dashboard_(mode 2,4)_(09月28日; 10.10)

Sheet LITE
A1: LITE
A2: Timeframe: 3 mins · 回測窗口: 最近 90 天 (2026-06-28 ~ 2026-09-28) · 初始資金: USD 100,000 · 手續費 0.03% + 滑價 2 tick (腳本內建)
A3: 黃底藍字 = 你要填的格 (C~H 欄); 「Net Profit (%)」會自動帶回「back test」摘要頁。百分比請直接輸入如 -1.23% (Excel 會存成 -0.0123)。
A5: 版本 | B5: 檔名 | C5: Net Profit ($) | D5: Net Profit (%) = Total return | E5: Total closed trades | F5: Percent profitable (%) | G5: Max drawdown (%) | H5: Profit factor | I5: 既有記錄 ($, 預設窗口, 非 3 個月) | J5: 備註 (例: 圖表警告 / 未載滿 K 線)
A6: R1 | B6: r1_dashboard_(mode 1-4)_(09月20日; 21.59)
A7: R2 | B7: r2_dashboard_(mode 2,4)_(09月26日; 17.40)
A8: R3 | B8: r3_dashboard_(mode 2,4)_(09月26日; 21.11)
A9: R4 | B9: r4_dashboard_(mode 2,4)_(09月26日; 21.33)
A10: R5 | B10: r5_dashboard_(mode 2,4)_(09月26日; 21.53)
A11: R6 | B11: r6_dashboard_(mode 2,4)_(09月26日; 22.09)
A12: R7 | B12: r7_dashboard_(mode 2,4)_(09月26日; 22.25)
A13: R8 | B13: r8_dashboard_(mode 2,4)_(09月27日; 00.58)
A14: R9 | B14: r9_dashboard_(mode 2,4)_(09月27日; 23.15)
A15: R9.1 | B15: r9.1_dashboard_(mode 2,4)_(09月28日; 09.34)
A16: R9.2 | B16: r9.2_dashboard_(mode 2,4)_(09月28日; 09.50)
A17: R9.3 | B17: r9.3_dashboard_(mode 2,4)_(09月28日; 10.10)

Sheet GOOGL
A1: GOOGL
A2: Timeframe: 3 mins · 回測窗口: 最近 90 天 (2026-06-28 ~ 2026-09-28) · 初始資金: USD 100,000 · 手續費 0.03% + 滑價 2 tick (腳本內建)
A3: 黃底藍字 = 你要填的格 (C~H 欄); 「Net Profit (%)」會自動帶回「back test」摘要頁。百分比請直接輸入如 -1.23% (Excel 會存成 -0.0123)。
A5: 版本 | B5: 檔名 | C5: Net Profit ($) | D5: Net Profit (%) = Total return | E5: Total closed trades | F5: Percent profitable (%) | G5: Max drawdown (%) | H5: Profit factor | I5: 既有記錄 ($, 預設窗口, 非 3 個月) | J5: 備註 (例: 圖表警告 / 未載滿 K 線)
A6: R1 | B6: r1_dashboard_(mode 1-4)_(09月20日; 21.59)
A7: R2 | B7: r2_dashboard_(mode 2,4)_(09月26日; 17.40)
A8: R3 | B8: r3_dashboard_(mode 2,4)_(09月26日; 21.11)
A9: R4 | B9: r4_dashboard_(mode 2,4)_(09月26日; 21.33)
A10: R5 | B10: r5_dashboard_(mode 2,4)_(09月26日; 21.53)
A11: R6 | B11: r6_dashboard_(mode 2,4)_(09月26日; 22.09)
A12: R7 | B12: r7_dashboard_(mode 2,4)_(09月26日; 22.25)
A13: R8 | B13: r8_dashboard_(mode 2,4)_(09月27日; 00.58)
A14: R9 | B14: r9_dashboard_(mode 2,4)_(09月27日; 23.15)
A15: R9.1 | B15: r9.1_dashboard_(mode 2,4)_(09月28日; 09.34)
A16: R9.2 | B16: r9.2_dashboard_(mode 2,4)_(09月28日; 09.50)
A17: R9.3 | B17: r9.3_dashboard_(mode 2,4)_(09月28日; 10.10)

Sheet NBIS
A1: NBIS
A2: Timeframe: 3 mins · 回測窗口: 最近 90 天 (2026-06-28 ~ 2026-09-28) · 初始資金: USD 100,000 · 手續費 0.03% + 滑價 2 tick (腳本內建)
A3: 黃底藍字 = 你要填的格 (C~H 欄); 「Net Profit (%)」會自動帶回「back test」摘要頁。百分比請直接輸入如 -1.23% (Excel 會存成 -0.0123)。
A5: 版本 | B5: 檔名 | C5: Net Profit ($) | D5: Net Profit (%) = Total return | E5: Total closed trades | F5: Percent profitable (%) | G5: Max drawdown (%) | H5: Profit factor | I5: 既有記錄 ($, 預設窗口, 非 3 個月) | J5: 備註 (例: 圖表警告 / 未載滿 K 線)
A6: R1 | B6: r1_dashboard_(mode 1-4)_(09月20日; 21.59)
A7: R2 | B7: r2_dashboard_(mode 2,4)_(09月26日; 17.40)
A8: R3 | B8: r3_dashboard_(mode 2,4)_(09月26日; 21.11)
A9: R4 | B9: r4_dashboard_(mode 2,4)_(09月26日; 21.33)
A10: R5 | B10: r5_dashboard_(mode 2,4)_(09月26日; 21.53)
A11: R6 | B11: r6_dashboard_(mode 2,4)_(09月26日; 22.09)
A12: R7 | B12: r7_dashboard_(mode 2,4)_(09月26日; 22.25)
A13: R8 | B13: r8_dashboard_(mode 2,4)_(09月27日; 00.58)
A14: R9 | B14: r9_dashboard_(mode 2,4)_(09月27日; 23.15)
A15: R9.1 | B15: r9.1_dashboard_(mode 2,4)_(09月28日; 09.34)
A16: R9.2 | B16: r9.2_dashboard_(mode 2,4)_(09月28日; 09.50)
A17: R9.3 | B17: r9.3_dashboard_(mode 2,4)_(09月28日; 10.10)

Sheet IREN
A1: IREN
A2: Timeframe: 3 mins · 回測窗口: 最近 90 天 (2026-06-28 ~ 2026-09-28) · 初始資金: USD 100,000 · 手續費 0.03% + 滑價 2 tick (腳本內建)
A3: 黃底藍字 = 你要填的格 (C~H 欄); 「Net Profit (%)」會自動帶回「back test」摘要頁。百分比請直接輸入如 -1.23% (Excel 會存成 -0.0123)。
A5: 版本 | B5: 檔名 | C5: Net Profit ($) | D5: Net Profit (%) = Total return | E5: Total closed trades | F5: Percent profitable (%) | G5: Max drawdown (%) | H5: Profit factor | I5: 既有記錄 ($, 預設窗口, 非 3 個月) | J5: 備註 (例: 圖表警告 / 未載滿 K 線)
A6: R1 | B6: r1_dashboard_(mode 1-4)_(09月20日; 21.59)
A7: R2 | B7: r2_dashboard_(mode 2,4)_(09月26日; 17.40)
A8: R3 | B8: r3_dashboard_(mode 2,4)_(09月26日; 21.11)
A9: R4 | B9: r4_dashboard_(mode 2,4)_(09月26日; 21.33)
A10: R5 | B10: r5_dashboard_(mode 2,4)_(09月26日; 21.53)
A11: R6 | B11: r6_dashboard_(mode 2,4)_(09月26日; 22.09)
A12: R7 | B12: r7_dashboard_(mode 2,4)_(09月26日; 22.25)
A13: R8 | B13: r8_dashboard_(mode 2,4)_(09月27日; 00.58)
A14: R9 | B14: r9_dashboard_(mode 2,4)_(09月27日; 23.15)
A15: R9.1 | B15: r9.1_dashboard_(mode 2,4)_(09月28日; 09.34)
A16: R9.2 | B16: r9.2_dashboard_(mode 2,4)_(09月28日; 09.50)
A17: R9.3 | B17: r9.3_dashboard_(mode 2,4)_(09月28日; 10.10)

Sheet HOOD
A1: HOOD
A2: Timeframe: 3 mins · 回測窗口: 最近 90 天 (2026-06-28 ~ 2026-09-28) · 初始資金: USD 100,000 · 手續費 0.03% + 滑價 2 tick (腳本內建)
A3: 黃底藍字 = 你要填的格 (C~H 欄); 「Net Profit (%)」會自動帶回「back test」摘要頁。百分比請直接輸入如 -1.23% (Excel 會存成 -0.0123)。
A5: 版本 | B5: 檔名 | C5: Net Profit ($) | D5: Net Profit (%) = Total return | E5: Total closed trades | F5: Percent profitable (%) | G5: Max drawdown (%) | H5: Profit factor | I5: 既有記錄 ($, 預設窗口, 非 3 個月) | J5: 備註 (例: 圖表警告 / 未載滿 K 線)
A6: R1 | B6: r1_dashboard_(mode 1-4)_(09月20日; 21.59)
A7: R2 | B7: r2_dashboard_(mode 2,4)_(09月26日; 17.40)
A8: R3 | B8: r3_dashboard_(mode 2,4)_(09月26日; 21.11)
A9: R4 | B9: r4_dashboard_(mode 2,4)_(09月26日; 21.33)
A10: R5 | B10: r5_dashboard_(mode 2,4)_(09月26日; 21.53)
A11: R6 | B11: r6_dashboard_(mode 2,4)_(09月26日; 22.09)
A12: R7 | B12: r7_dashboard_(mode 2,4)_(09月26日; 22.25)
A13: R8 | B13: r8_dashboard_(mode 2,4)_(09月27日; 00.58)
A14: R9 | B14: r9_dashboard_(mode 2,4)_(09月27日; 23.15)
A15: R9.1 | B15: r9.1_dashboard_(mode 2,4)_(09月28日; 09.34)
A16: R9.2 | B16: r9.2_dashboard_(mode 2,4)_(09月28日; 09.50)
A17: R9.3 | B17: r9.3_dashboard_(mode 2,4)_(09月28日; 10.10)

Sheet TSLA
A1: TSLA
A2: Timeframe: 3 mins · 回測窗口: 最近 90 天 (2026-06-28 ~ 2026-09-28) · 初始資金: USD 100,000 · 手續費 0.03% + 滑價 2 tick (腳本內建)
A3: 黃底藍字 = 你要填的格 (C~H 欄); 「Net Profit (%)」會自動帶回「back test」摘要頁。百分比請直接輸入如 -1.23% (Excel 會存成 -0.0123)。
A5: 版本 | B5: 檔名 | C5: Net Profit ($) | D5: Net Profit (%) = Total return | E5: Total closed trades | F5: Percent profitable (%) | G5: Max drawdown (%) | H5: Profit factor | I5: 既有記錄 ($, 預設窗口, 非 3 個月) | J5: 備註 (例: 圖表警告 / 未載滿 K 線)
A6: R1 | B6: r1_dashboard_(mode 1-4)_(09月20日; 21.59)
A7: R2 | B7: r2_dashboard_(mode 2,4)_(09月26日; 17.40)
A8: R3 | B8: r3_dashboard_(mode 2,4)_(09月26日; 21.11)
A9: R4 | B9: r4_dashboard_(mode 2,4)_(09月26日; 21.33)
A10: R5 | B10: r5_dashboard_(mode 2,4)_(09月26日; 21.53)
A11: R6 | B11: r6_dashboard_(mode 2,4)_(09月26日; 22.09)
A12: R7 | B12: r7_dashboard_(mode 2,4)_(09月26日; 22.25)
A13: R8 | B13: r8_dashboard_(mode 2,4)_(09月27日; 00.58)
A14: R9 | B14: r9_dashboard_(mode 2,4)_(09月27日; 23.15)
A15: R9.1 | B15: r9.1_dashboard_(mode 2,4)_(09月28日; 09.34)
A16: R9.2 | B16: r9.2_dashboard_(mode 2,4)_(09月28日; 09.50)
A17: R9.3 | B17: r9.3_dashboard_(mode 2,4)_(09月28日; 10.10)

Sheet AAPL
A1: AAPL
A2: Timeframe: 3 mins · 回測窗口: 最近 90 天 (2026-06-28 ~ 2026-09-28) · 初始資金: USD 100,000 · 手續費 0.03% + 滑價 2 tick (腳本內建)
A3: 黃底藍字 = 你要填的格 (C~H 欄); 「Net Profit (%)」會自動帶回「back test」摘要頁。百分比請直接輸入如 -1.23% (Excel 會存成 -0.0123)。
A5: 版本 | B5: 檔名 | C5: Net Profit ($) | D5: Net Profit (%) = Total return | E5: Total closed trades | F5: Percent profitable (%) | G5: Max drawdown (%) | H5: Profit factor | I5: 既有記錄 ($, 預設窗口, 非 3 個月) | J5: 備註 (例: 圖表警告 / 未載滿 K 線)
A6: R1 | B6: r1_dashboard_(mode 1-4)_(09月20日; 21.59)
A7: R2 | B7: r2_dashboard_(mode 2,4)_(09月26日; 17.40)
A8: R3 | B8: r3_dashboard_(mode 2,4)_(09月26日; 21.11)
A9: R4 | B9: r4_dashboard_(mode 2,4)_(09月26日; 21.33)
A10: R5 | B10: r5_dashboard_(mode 2,4)_(09月26日; 21.53)
A11: R6 | B11: r6_dashboard_(mode 2,4)_(09月26日; 22.09)
A12: R7 | B12: r7_dashboard_(mode 2,4)_(09月26日; 22.25)
A13: R8 | B13: r8_dashboard_(mode 2,4)_(09月27日; 00.58)
A14: R9 | B14: r9_dashboard_(mode 2,4)_(09月27日; 23.15)
A15: R9.1 | B15: r9.1_dashboard_(mode 2,4)_(09月28日; 09.34)
A16: R9.2 | B16: r9.2_dashboard_(mode 2,4)_(09月28日; 09.50)
A17: R9.3 | B17: r9.3_dashboard_(mode 2,4)_(09月28日; 10.10)

Sheet BTC-USD
A1: BTC-USD
A2: Timeframe: 3 mins · 回測窗口: 最近 90 天 (2026-06-28 ~ 2026-09-28) · 初始資金: USD 100,000 · 手續費 0.03% + 滑價 2 tick (腳本內建)
A3: 黃底藍字 = 你要填的格 (C~H 欄); 「Net Profit (%)」會自動帶回「back test」摘要頁。百分比請直接輸入如 -1.23% (Excel 會存成 -0.0123)。
A4: 注意: BTC-USD 是 24/7 交易, 但腳本有美股時段過濾 (09:30~15:58 美東) 與 15:58 強平, 所以只會在美股時段內下單; 這是腳本設計, 不是錯誤。
A5: 版本 | B5: 檔名 | C5: Net Profit ($) | D5: Net Profit (%) = Total return | E5: Total closed trades | F5: Percent profitable (%) | G5: Max drawdown (%) | H5: Profit factor | I5: 既有記錄 ($, 預設窗口, 非 3 個月) | J5: 備註 (例: 圖表警告 / 未載滿 K 線)
A6: R1 | B6: r1_dashboard_(mode 1-4)_(09月20日; 21.59)
A7: R2 | B7: r2_dashboard_(mode 2,4)_(09月26日; 17.40)
A8: R3 | B8: r3_dashboard_(mode 2,4)_(09月26日; 21.11)
A9: R4 | B9: r4_dashboard_(mode 2,4)_(09月26日; 21.33)
A10: R5 | B10: r5_dashboard_(mode 2,4)_(09月26日; 21.53)
A11: R6 | B11: r6_dashboard_(mode 2,4)_(09月26日; 22.09)
A12: R7 | B12: r7_dashboard_(mode 2,4)_(09月26日; 22.25)
A13: R8 | B13: r8_dashboard_(mode 2,4)_(09月27日; 00.58)
A14: R9 | B14: r9_dashboard_(mode 2,4)_(09月27日; 23.15)
A15: R9.1 | B15: r9.1_dashboard_(mode 2,4)_(09月28日; 09.34)
A16: R9.2 | B16: r9.2_dashboard_(mode 2,4)_(09月28日; 09.50)
A17: R9.3 | B17: r9.3_dashboard_(mode 2,4)_(09月28日; 10.10)

Sheet FUTU
A1: FUTU
A2: Timeframe: 3 mins · 回測窗口: 最近 90 天 (2026-06-28 ~ 2026-09-28) · 初始資金: USD 100,000 · 手續費 0.03% + 滑價 2 tick (腳本內建)
A3: 黃底藍字 = 你要填的格 (C~H 欄); 「Net Profit (%)」會自動帶回「back test」摘要頁。百分比請直接輸入如 -1.23% (Excel 會存成 -0.0123)。
A5: 版本 | B5: 檔名 | C5: Net Profit ($) | D5: Net Profit (%) = Total return | E5: Total closed trades | F5: Percent profitable (%) | G5: Max drawdown (%) | H5: Profit factor | I5: 既有記錄 ($, 預設窗口, 非 3 個月) | J5: 備註 (例: 圖表警告 / 未載滿 K 線)
A6: R1 | B6: r1_dashboard_(mode 1-4)_(09月20日; 21.59)
A7: R2 | B7: r2_dashboard_(mode 2,4)_(09月26日; 17.40)
A8: R3 | B8: r3_dashboard_(mode 2,4)_(09月26日; 21.11)
A9: R4 | B9: r4_dashboard_(mode 2,4)_(09月26日; 21.33)
A10: R5 | B10: r5_dashboard_(mode 2,4)_(09月26日; 21.53)
A11: R6 | B11: r6_dashboard_(mode 2,4)_(09月26日; 22.09)
A12: R7 | B12: r7_dashboard_(mode 2,4)_(09月26日; 22.25)
A13: R8 | B13: r8_dashboard_(mode 2,4)_(09月27日; 00.58)
A14: R9 | B14: r9_dashboard_(mode 2,4)_(09月27日; 23.15)
A15: R9.1 | B15: r9.1_dashboard_(mode 2,4)_(09月28日; 09.34)
A16: R9.2 | B16: r9.2_dashboard_(mode 2,4)_(09月28日; 09.50)
A17: R9.3 | B17: r9.3_dashboard_(mode 2,4)_(09月28日; 10.10)

Sheet LMT
A1: LMT
A2: Timeframe: 3 mins · 回測窗口: 最近 90 天 (2026-06-28 ~ 2026-09-28) · 初始資金: USD 100,000 · 手續費 0.03% + 滑價 2 tick (腳本內建)
A3: 黃底藍字 = 你要填的格 (C~H 欄); 「Net Profit (%)」會自動帶回「back test」摘要頁。百分比請直接輸入如 -1.23% (Excel 會存成 -0.0123)。
A5: 版本 | B5: 檔名 | C5: Net Profit ($) | D5: Net Profit (%) = Total return | E5: Total closed trades | F5: Percent profitable (%) | G5: Max drawdown (%) | H5: Profit factor | I5: 既有記錄 ($, 預設窗口, 非 3 個月) | J5: 備註 (例: 圖表警告 / 未載滿 K 線)
A6: R1 | B6: r1_dashboard_(mode 1-4)_(09月20日; 21.59)
A7: R2 | B7: r2_dashboard_(mode 2,4)_(09月26日; 17.40)
A8: R3 | B8: r3_dashboard_(mode 2,4)_(09月26日; 21.11)
A9: R4 | B9: r4_dashboard_(mode 2,4)_(09月26日; 21.33)
A10: R5 | B10: r5_dashboard_(mode 2,4)_(09月26日; 21.53)
A11: R6 | B11: r6_dashboard_(mode 2,4)_(09月26日; 22.09)
A12: R7 | B12: r7_dashboard_(mode 2,4)_(09月26日; 22.25)
A13: R8 | B13: r8_dashboard_(mode 2,4)_(09月27日; 00.58)
A14: R9 | B14: r9_dashboard_(mode 2,4)_(09月27日; 23.15)
A15: R9.1 | B15: r9.1_dashboard_(mode 2,4)_(09月28日; 09.34)
A16: R9.2 | B16: r9.2_dashboard_(mode 2,4)_(09月28日; 09.50)
A17: R9.3 | B17: r9.3_dashboard_(mode 2,4)_(09月28日; 10.10)

Sheet ARM
A1: ARM
A2: Timeframe: 3 mins · 回測窗口: 最近 90 天 (2026-06-28 ~ 2026-09-28) · 初始資金: USD 100,000 · 手續費 0.03% + 滑價 2 tick (腳本內建)
A3: 黃底藍字 = 你要填的格 (C~H 欄); 「Net Profit (%)」會自動帶回「back test」摘要頁。百分比請直接輸入如 -1.23% (Excel 會存成 -0.0123)。
A5: 版本 | B5: 檔名 | C5: Net Profit ($) | D5: Net Profit (%) = Total return | E5: Total closed trades | F5: Percent profitable (%) | G5: Max drawdown (%) | H5: Profit factor | I5: 既有記錄 ($, 預設窗口, 非 3 個月) | J5: 備註 (例: 圖表警告 / 未載滿 K 線)
A6: R1 | B6: r1_dashboard_(mode 1-4)_(09月20日; 21.59)
A7: R2 | B7: r2_dashboard_(mode 2,4)_(09月26日; 17.40)
A8: R3 | B8: r3_dashboard_(mode 2,4)_(09月26日; 21.11)
A9: R4 | B9: r4_dashboard_(mode 2,4)_(09月26日; 21.33)
A10: R5 | B10: r5_dashboard_(mode 2,4)_(09月26日; 21.53)
A11: R6 | B11: r6_dashboard_(mode 2,4)_(09月26日; 22.09)
A12: R7 | B12: r7_dashboard_(mode 2,4)_(09月26日; 22.25)
A13: R8 | B13: r8_dashboard_(mode 2,4)_(09月27日; 00.58)
A14: R9 | B14: r9_dashboard_(mode 2,4)_(09月27日; 23.15)
A15: R9.1 | B15: r9.1_dashboard_(mode 2,4)_(09月28日; 09.34)
A16: R9.2 | B16: r9.2_dashboard_(mode 2,4)_(09月28日; 09.50)
A17: R9.3 | B17: r9.3_dashboard_(mode 2,4)_(09月28日; 10.10)
