Workbook

Sheet 00_說明
A1: ndx_turning_(TECHNICAL_INDICATOR) — A-Chart 格式 Excel 版 (2026-07-28)
A2: 對應 | B2: HTML版=Macro_dashboard R15.12 A-Chart 頁完整保留(B/C/D已移除)+A3.1訊號raster+A3.2排行榜+TURNS領先排名實裝。本Excel=同一數據的表格版。
A3: 01表 | B3: A0面板同組技術指標(活公式): dashboard內嵌真實NDX OHLC/成交量(2020-01-02..2026-07-27, 1649交易日) + MA5/10/20/50/100/200 + BOLL(20,2σ) + RSI14(Wilder) + MACD(12,26,9) + 三區制度zone(A1.8A Fable) + ZigZag轉折標記 + 當日領先訊號數(COUNTIF活算)。修改F欄(收盤)即全表重算。
A4: 02-05表 | B4: 02=45個主要轉折(1999-2026, ±15%) | 03=34指標領先性排行(45轉折驗證) | 04=逐轉折×逐指標lead矩陣 | 05=全部2037個訊號日。
A5: 驗證 | B5: 01表公式與dashboard預計算陣列交叉核對(sma200/rsi/macd末值一致, 見01表底部核對區); 34指標領先性經5個對抗性驗證agent重算(見前次交付03表)。
A6: 限制 | B6: 01表軸=dashboard價格軸(2020起); 1999-2019轉折見02表, 完整日線見repo data/ndx_daily_spliced.csv。RSI/MACD前若干行為暖機期。

Sheet 01_A0技術指標
A1: A0-Nasdaq 100 · dashboard真實OHLC(2020-01-02..2026-07-27) + A-Chart同組技術指標(活公式) | B-F=OHLC值 G=量 H-M=MA5/10/20/50/100/200 N-P=BOLL Q-T=RSI14(Wilder) U-X=MACD(12,26,9) Y=三區zone Z=轉折 AA/AB=當日頂/底訊號數(式)
A2: 日期 | B2: 開 | C2: 高 | D2: 低 | E2: 收 | F2: 量 | G2: MA5(式) | H2: MA10(式) | I2: MA20(式) | J2: MA50(式) | K2: MA100(式) | L2: MA200(式) | M2: BOLL中(式) | N2: BOLL上(式) | O2: BOLL下(式) | P2: 漲U(式) | Q2: 跌D(式) | R2: AvgU14(式) | S2: AvgD14(式) | T2: RSI14(式) | U2: EMA12(式) | V2: EMA26(式) | W2: MACD(式) | X2: Signal9(式) | Y2: Hist(式) | Z2: 三區zone | AA2: 轉折(式) | AB2: 頂訊(式) | AC2: 底訊(式)
A3: 2020-01-02 | B3: 8802.22 | C3: 8873.63 | D3: 8786.9 | E3: 8872.22 | F3: 2863 | Z3: EASY | AA3: =IFERROR(INDEX(02_轉折點45!B:B,MATCH(A3,02_轉折點45!A:A,0)),"") | AB3: =COUNTIFS(05_訊號明細!A:A,A3,05_訊號明細!C:C,"TOP") -> 1 | AC3: =COUNTIFS(05_訊號明細!A:A,A3,05_訊號明細!C:C,"BOTTOM") -> 0
A4: 2020-01-03 | B4: 8755.17 | C4: 8843.65 | D4: 8755.17 | E4: 8793.9 | F4: 2587 | P4: =MAX(E4-E3,0) -> 0 | Q4: =MAX(E3-E4,0) -> 78.32 | Z4: EASY | AA4: =IFERROR(INDEX(02_轉折點45!B:B,MATCH(A4,02_轉折點45!A:A,0)),"") | AB4: =COUNTIFS(05_訊號明細!A:A,A4,05_訊號明細!C:C,"TOP") -> 0 | AC4: =COUNTIFS(05_訊號明細!A:A,A4,05_訊號明細!C:C,"BOTTOM") -> 0
A5: 2020-01-06 | B5: 8713.89 | C5: 8849.98 | D5: 8713.89 | E5: 8848.52 | F5: 2810 | P5: =MAX(E5-E4,0) -> 54.62 | Q5: =MAX(E4-E5,0) -> 0 | Z5: EASY | AA5: =IFERROR(INDEX(02_轉折點45!B:B,MATCH(A5,02_轉折點45!A:A,0)),"") | AB5: =COUNTIFS(05_訊號明細!A:A,A5,05_訊號明細!C:C,"TOP") -> 0 | AC5: =COUNTIFS(05_訊號明細!A:A,A5,05_訊號明細!C:C,"BOTTOM") -> 0
A6: 2020-01-07 | B6: 8857.14 | C6: 8872.47 | D6: 8821.68 | E6: 8846.45 | F6: 2382 | P6: =MAX(E6-E5,0) -> 0 | Q6: =MAX(E5-E6,0) -> 2.07 | Z6: EASY | AA6: =IFERROR(INDEX(02_轉折點45!B:B,MATCH(A6,02_轉折點45!A:A,0)),"") | AB6: =COUNTIFS(05_訊號明細!A:A,A6,05_訊號明細!C:C,"TOP") -> 0 | AC6: =COUNTIFS(05_訊號明細!A:A,A6,05_訊號明細!C:C,"BOTTOM") -> 0
A7: 2020-01-08 | B7: 8845.45 | C7: 8953.55 | D7: 8834.94 | E7: 8912.37 | F7: 2473 | G7: =AVERAGE(E3:E7) -> 8854.692 | P7: =MAX(E7-E6,0) -> 65.92 | Q7: =MAX(E6-E7,0) -> 0 | Z7: EASY | AA7: =IFERROR(INDEX(02_轉折點45!B:B,MATCH(A7,02_轉折點45!A:A,0)),"") | AB7: =COUNTIFS(05_訊號明細!A:A,A7,05_訊號明細!C:C,"TOP") -> 1 | AC7: =COUNTIFS(05_訊號明細!A:A,A7,05_訊號明細!C:C,"BOTTOM") -> 0
A8: 2020-01-09 | B8: 8990.04 | C8: 9004.55 | D8: 8938.53 | E8: 8989.63 | F8: 2541 | G8: =AVERAGE(E4:E8) -> 8878.174 | P8: =MAX(E8-E7,0) -> 77.26 | Q8: =MAX(E7-E8,0) -> 0 | Z8: EASY | AA8: =IFERROR(INDEX(02_轉折點45!B:B,MATCH(A8,02_轉折點45!A:A,0)),"") | AB8: =COUNTIFS(05_訊號明細!A:A,A8,05_訊號明細!C:C,"TOP") -> 0 | AC8: =COUNTIFS(05_訊號明細!A:A,A8,05_訊號明細!C:C,"BOTTOM") -> 0
A9: 2020-01-10 | B9: 9021.88 | C9: 9024.87 | D9: 8951.83 | E9: 8966.64 | F9: 2383 | G9: =AVERAGE(E5:E9) -> 8912.722 | P9: =MAX(E9-E8,0) -> 0 | Q9: =MAX(E8-E9,0) -> 22.99 | Z9: EASY | AA9: =IFERROR(INDEX(02_轉折點45!B:B,MATCH(A9,02_轉折點45!A:A,0)),"") | AB9: =COUNTIFS(05_訊號明細!A:A,A9,05_訊號明細!C:C,"TOP") -> 0 | AC9: =COUNTIFS(05_訊號明細!A:A,A9,05_訊號明細!C:C,"BOTTOM") -> 0
A10: 2020-01-13 | B10: 9007.94 | C10: 9071.53 | D10: 8991.35 | E10: 9070.65 | F10: 2537 | G10: =AVERAGE(E6:E10) -> 8957.148 | P10: =MAX(E10-E9,0) -> 104.01 | Q10: =MAX(E9-E10,0) -> 0 | Z10: EASY | AA10: =IFERROR(INDEX(02_轉折點45!B:B,MATCH(A10,02_轉折點45!A:A,0)),"") | AB10: =COUNTIFS(05_訊號明細!A:A,A10,05_訊號明細!C:C,"TOP") -> 1 | AC10: =COUNTIFS(05_訊號明細!A:A,A10,05_訊號明細!C:C,"BOTTOM") -> 0
A11: 2020-01-14 | B11: 9068.02 | C11: 9080.16 | D11: 9020.92 | E11: 9033.42 | F11: 2553 | G11: =AVERAGE(E7:E11) -> 8994.542 | P11: =MAX(E11-E10,0) -> 0 | Q11: =MAX(E10-E11,0) -> 37.23 | Z11: EASY | AA11: =IFERROR(INDEX(02_轉折點45!B:B,MATCH(A11,02_轉折點45!A:A,0)),"") | AB11: =COUNTIFS(05_訊號明細!A:A,A11,05_訊號明細!C:C,"TOP") -> 0 | AC11: =COUNTIFS(05_訊號明細!A:A,A11,05_訊號明細!C:C,"BOTTOM") -> 0
A12: 2020-01-15 | B12: 9039.31 | C12: 9078.87 | D12: 9008.95 | E12: 9035.67 | F12: 2443 | G12: =AVERAGE(E8:E12) -> 9019.202 | H12: =AVERAGE(E3:E12) -> 8936.947 | P12: =MAX(E12-E11,0) -> 2.25 | Q12: =MAX(E11-E12,0) -> 0 | Z12: EASY | AA12: =IFERROR(INDEX(02_轉折點45!B:B,MATCH(A12,02_轉折點45!A:A,0)),"") | AB12: =COUNTIFS(05_訊號明細!A:A,A12,05_訊號明細!C:C,"TOP") -> 0 | AC12: =COUNTIFS(05_訊號明細!A:A,A12,05_訊號明細!C:C,"BOTTOM") -> 0
A13: 2020-01-16 | B13: 9088.08 | C13: 9126.07 | D13: 9066.31 | E13: 9125 | F13: 2312 | G13: =AVERAGE(E9:E13) -> 9046.276 | H13: =AVERAGE(E4:E13) -> 8962.225 | P13: =MAX(E13-E12,0) -> 89.33 | Q13: =MAX(E12-E13,0) -> 0 | Z13: EASY | AA13: =IFERROR(INDEX(02_轉折點45!B:B,MATCH(A13,02_轉折點45!A:A,0)),"") | AB13: =COUNTIFS(05_訊號明細!A:A,A13,05_訊號明細!C:C,"TOP") -> 0 | AC13: =COUNTIFS(05_訊號明細!A:A,A13,05_訊號明細!C:C,"BOTTOM") -> 0
A14: 2020-01-17 | B14: 9159.48 | C14: 9176.47 | D14: 9118.98 | E14: 9173.73 | F14: 2543 | G14: =AVERAGE(E10:E14) -> 9087.694 | H14: =AVERAGE(E5:E14) -> 9000.208 | P14: =MAX(E14-E13,0) -> 48.73 | Q14: =MAX(E13-E14,0) -> 0 | U14: =AVERAGE(E3:E14) -> 8972.35 | Z14: EASY | AA14: =IFERROR(INDEX(02_轉折點45!B:B,MATCH(A14,02_轉折點45!A:A,0)),"") | AB14: =COUNTIFS(05_訊號明細!A:A,A14,05_訊號明細!C:C,"TOP") -> 0 | AC14: =COUNTIFS(05_訊號明細!A:A,A14,05_訊號明細!C:C,"BOTTOM") -> 0
A15: 2020-01-21 | B15: 9145.64 | C15: 9187.42 | D15: 9141.78 | E15: 9166.63 | F15: 2687 | G15: =AVERAGE(E11:E15) -> 9106.89 | H15: =AVERAGE(E6:E15) -> 9032.019 | P15: =MAX(E15-E14,0) -> 0 | Q15: =MAX(E14-E15,0) -> 7.1 | U15: =E15*2/13+U14*11/13 -> 9002.2392 | Z15: EASY | AA15: =IFERROR(INDEX(02_轉折點45!B:B,MATCH(A15,02_轉折點45!A:A,0)),"") | AB15: =COUNTIFS(05_訊號明細!A:A,A15,05_訊號明細!C:C,"TOP") -> 0 | AC15: =COUNTIFS(05_訊號明細!A:A,A15,05_訊號明細!C:C,"BOTTOM") -> 0
A16: 2020-01-22 | B16: 9212.35 | C16: 9242.48 | D16: 9179.27 | E16: 9188.58 | F16: 2455 | G16: =AVERAGE(E12:E16) -> 9137.922 | H16: =AVERAGE(E7:E16) -> 9066.232 | P16: =MAX(E16-E15,0) -> 21.95 | Q16: =MAX(E15-E16,0) -> 0 | U16: =E16*2/13+U15*11/13 -> 9030.907 | Z16: EASY | AA16: =IFERROR(INDEX(02_轉折點45!B:B,MATCH(A16,02_轉折點45!A:A,0)),"") | AB16: =COUNTIFS(05_訊號明細!A:A,A16,05_訊號明細!C:C,"TOP") -> 0 | AC16: =COUNTIFS(05_訊號明細!A:A,A16,05_訊號明細!C:C,"BOTTOM") -> 0
A17: 2020-01-23 | B17: 9186.14 | C17: 9221.13 | D17: 9145.23 | E17: 9216.98 | F17: 2466 | G17: =AVERAGE(E13:E17) -> 9174.184 | H17: =AVERAGE(E8:E17) -> 9096.693 | P17: =MAX(E17-E16,0) -> 28.4 | Q17: =MAX(E16-E17,0) -> 0 | R17: =AVERAGE(P4:P17) -> 35.176429 | S17: =AVERAGE(Q4:Q17) -> 10.550714 | T17: =IF(S17=0,100,100-100/(1+R17/S17)) -> 76.926802 | U17: =E17*2/13+U16*11/13 -> 9059.5337 | Z17: EASY | AA17: =IFERROR(INDEX(02_轉折點45!B:B,MATCH(A17,02_轉折點45!A:A,0)),"") | AB17: =COUNTIFS(05_訊號明細!A:A,A17,05_訊號明細!C:C,"TOP") -> 0 | AC17: =COUNTIFS(05_訊號明細!A:A,A17,05_訊號明細!C:C,"BOTTOM") -> 0
A18: 2020-01-24 | B18: 9266.35 | C18: 9272.37 | D18: 9101.44 | E18: 9141.47 | F18: 2623 | G18: =AVERAGE(E14:E18) -> 9177.478 | H18: =AVERAGE(E9:E18) -> 9111.877 | P18: =MAX(E18-E17,0) -> 0 | Q18: =MAX(E17-E18,0) -> 75.51 | R18: =(R17*13+P18)/14 -> 32.663827 | S18: =(S17*13+Q18)/14 -> 15.190663 | T18: =IF(S18=0,100,100-100/(1+R18/S18)) -> 68.256556 | U18: =E18*2/13+U17*11/13 -> 9072.1392 | Z18: EASY | AA18: =IFERROR(INDEX(02_轉折點45!B:B,MATCH(A18,02_轉折點45!A:A,0)),"") | AB18: =COUNTIFS(05_訊號明細!A:A,A18,05_訊號明細!C:C,"TOP") -> 0 | AC18: =COUNTIFS(05_訊號明細!A:A,A18,05_訊號明細!C:C,"BOTTOM") -> 0
A19: 2020-01-27 | B19: 8913.16 | C19: 9001.44 | D19: 8910.97 | E19: 8952.18 | F19: 2594 | G19: =AVERAGE(E15:E19) -> 9133.168 | H19: =AVERAGE(E10:E19) -> 9110.431 | P19: =MAX(E19-E18,0) -> 0 | Q19: =MAX(E18-E19,0) -> 189.29 | R19: =(R18*13+P19)/14 -> 30.330696 | S19: =(S18*13+Q19)/14 -> 27.62633 | T19: =IF(S19=0,100,100-100/(1+R19/S19)) -> 52.333079 | U19: =E19*2/13+U18*11/13 -> 9053.684 | Z19: EASY | AA19: =IFERROR(INDEX(02_轉折點45!B:B,MATCH(A19,02_轉折點45!A:A,0)),"") | AB19: =COUNTIFS(05_訊號明細!A:A,A19,05_訊號明細!C:C,"TOP") -> 2 | AC19: =COUNTIFS(05_訊號明細!A:A,A19,05_訊號明細!C:C,"BOTTOM") -> 0
A20: 2020-01-28 | B20: 9013.23 | C20: 9111.32 | D20: 8994.28 | E20: 9090.93 | F20: 2169 | G20: =AVERAGE(E16:E20) -> 9118.028 | H20: =AVERAGE(E11:E20) -> 9112.459 | P20: =MAX(E20-E19,0) -> 138.75 | Q20: =MAX(E19-E20,0) -> 0 | R20: =(R19*13+P20)/14 -> 38.074932 | S20: =(S19*13+Q20)/14 -> 25.653021 | T20: =IF(S20=0,100,100-100/(1+R20/S20)) -> 59.746046 | U20: =E20*2/13+U19*11/13 -> 9059.4141 | Z20: EASY | AA20: =IFERROR(INDEX(02_轉折點45!B:B,MATCH(A20,02_轉折點45!A:A,0)),"") | AB20: =COUNTIFS(05_訊號明細!A:A,A20,05_訊號明細!C:C,"TOP") -> 0 | AC20: =COUNTIFS(05_訊號明細!A:A,A20,05_訊號明細!C:C,"BOTTOM") -> 0
A21: 2020-01-29 | B21: 9141.52 | C21: 9153.08 | D21: 9067.29 | E21: 9101.61 | F21: 2235 | G21: =AVERAGE(E17:E21) -> 9100.634 | H21: =AVERAGE(E12:E21) -> 9119.278 | P21: =MAX(E21-E20,0) -> 10.68 | Q21: =MAX(E20-E21,0) -> 0 | R21: =(R20*13+P21)/14 -> 36.118151 | S21: =(S20*13+Q21)/14 -> 23.820662 | T21: =IF(S21=0,100,100-100/(1+R21/S21)) -> 60.258369 | U21: =E21*2/13+U20*11/13 -> 9065.9058 | Z21: EASY | AA21: =IFERROR(INDEX(02_轉折點45!B:B,MATCH(A21,02_轉折點45!A:A,0)),"") | AB21: =COUNTIFS(05_訊號明細!A:A,A21,05_訊號明細!C:C,"TOP") -> 2 | AC21: =COUNTIFS(05_訊號明細!A:A,A21,05_訊號明細!C:C,"BOTTOM") -> 0
A22: 2020-01-30 | B22: 9038.92 | C22: 9140.69 | D22: 9019.72 | E22: 9136.09 | F22: 2345 | G22: =AVERAGE(E18:E22) -> 9084.456 | H22: =AVERAGE(E13:E22) -> 9129.32 | I22: =AVERAGE(E3:E22) -> 9033.1335 | M22: =I22 -> 9033.1335 | N22: =I22+2*STDEV(E3:E22) -> 9290.7671 | O22: =I22-2*STDEV(E3:E22) -> 8775.4999 | P22: =MAX(E22-E21,0) -> 34.48 | Q22: =MAX(E21-E22,0) -> 0 | R22: =(R21*13+P22)/14 -> 36.00114 | S22: =(S21*13+Q22)/14 -> 22.119186 | T22: =IF(S22=0,100,100-100/(1+R22/S22)) -> 61.942426 | U22: =E22*2/13+U21*11/13 -> 9076.7034 | Z22: EASY | AA22: =IFERROR(INDEX(02_轉折點45!B:B,MATCH(A22,02_轉折點45!A:A,0)),"") | AB22: =COUNTIFS(05_訊號明細!A:A,A22,05_訊號明細!C:C,"TOP") -> 0 | AC22: =COUNTIFS(05_訊號明細!A:A,A22,05_訊號明細!C:C,"BOTTOM") -> 0
A23: 2020-01-31 | B23: 9169.91 | C23: 9170.22 | D23: 8961.59 | E23: 8991.51 | F23: 2696 | G23: =AVERAGE(E19:E23) -> 9054.464 | H23: =AVERAGE(E14:E23) -> 9115.971 | I23: =AVERAGE(E4:E23) -> 9039.098 | M23: =I23 -> 9039.098 | N23: =I23+2*STDEV(E4:E23) -> 9286.3607 | O23: =I23-2*STDEV(E4:E23) -> 8791.8353 | P23: =MAX(E23-E22,0) -> 0 | Q23: =MAX(E22-E23,0) -> 144.58 | R23: =(R22*13+P23)/14 -> 33.42963 | S23: =(S22*13+Q23)/14 -> 30.866387 | T23: =IF(S23=0,100,100-100/(1+R23/S23)) -> 51.993314 | U23: =E23*2/13+U22*11/13 -> 9063.5967 | Z23: EASY | AA23: =IFERROR(INDEX(02_轉折點45!B:B,MATCH(A23,02_轉折點45!A:A,0)),"") | AB23: =COUNTIFS(05_訊號明細!A:A,A23,05_訊號明細!C:C,"TOP") -> 1 | AC23: =COUNTIFS(05_訊號明細!A:A,A23,05_訊號明細!C:C,"BOTTOM") -> 0
A24: 2020-02-03 | B24: 9033.52 | C24: 9148.5 | D24: 9031.07 | E24: 9126.23 | F24: 2427 | G24: =AVERAGE(E20:E24) -> 9089.274 | H24: =AVERAGE(E15:E24) -> 9111.221 | I24: =AVERAGE(E5:E24) -> 9055.7145 | M24: =I24 -> 9055.7145 | N24: =I24+2*STDEV(E5:E24) -> 9276.887 | O24: =I24-2*STDEV(E5:E24) -> 8834.542 | P24: =MAX(E24-E23,0) -> 134.72 | Q24: =MAX(E23-E24,0) -> 0 | R24: =(R23*13+P24)/14 -> 40.664657 | S24: =(S23*13+Q24)/14 -> 28.661645 | T24: =IF(S24=0,100,100-100/(1+R24/S24)) -> 58.656896 | U24: =E24*2/13+U23*11/13 -> 9073.2326 | Z24: EASY | AA24: =IFERROR(INDEX(02_轉折點45!B:B,MATCH(A24,02_轉折點45!A:A,0)),"") | AB24: =COUNTIFS(05_訊號明細!A:A,A24,05_訊號明細!C:C,"TOP") -> 0 | AC24: =COUNTIFS(05_訊號明細!A:A,A24,05_訊號明細!C:C,"BOTTOM") -> 0
A25: 2020-02-04 | B25: 9256.94 | C25: 9352.96 | D25: 9224.86 | E25: 9334.06 | F25: 2447 | G25: =AVERAGE(E21:E25) -> 9137.9 | H25: =AVERAGE(E16:E25) -> 9127.964 | I25: =AVERAGE(E6:E25) -> 9079.9915 | M25: =I25 -> 9079.9915 | N25: =I25+2*STDEV(E6:E25) -> 9311.7429 | O25: =I25-2*STDEV(E6:E25) -> 8848.2401 | P25: =MAX(E25-E24,0) -> 207.83 | Q25: =MAX(E24-E25,0) -> 0 | R25: =(R24*13+P25)/14 -> 52.605038 | S25: =(S24*13+Q25)/14 -> 26.614385 | T25: =IF(S25=0,100,100-100/(1+R25/S25)) -> 66.404218 | U25: =E25*2/13+U24*11/13 -> 9113.3599 | Z25: EASY | AA25: =IFERROR(INDEX(02_轉折點45!B:B,MATCH(A25,02_轉折點45!A:A,0)),"") | AB25: =COUNTIFS(05_訊號明細!A:A,A25,05_訊號明細!C:C,"TOP") -> 1 | AC25: =COUNTIFS(05_訊號明細!A:A,A25,05_訊號明細!C:C,"BOTTOM") -> 0
A26: 2020-02-05 | B26: 9441.34 | C26: 9442.75 | D26: 9311.88 | E26: 9367.48 | F26: 2470 | G26: =AVERAGE(E22:E26) -> 9191.074 | H26: =AVERAGE(E17:E26) -> 9145.854 | I26: =AVERAGE(E7:E26) -> 9106.043 | M26: =I26 -> 9106.043 | N26: =I26+2*STDEV(E7:E26) -> 9344.3046 | O26: =I26-2*STDEV(E7:E26) -> 8867.7814 | P26: =MAX(E26-E25,0) -> 33.42 | Q26: =MAX(E25-E26,0) -> 0 | R26: =(R25*13+P26)/14 -> 51.234679 | S26: =(S25*13+Q26)/14 -> 24.713358 | T26: =IF(S26=0,100,100-100/(1+R26/S26)) -> 67.460176 | U26: =E26*2/13+U25*11/13 -> 9152.4553 | Z26: EASY | AA26: =IFERROR(INDEX(02_轉折點45!B:B,MATCH(A26,02_轉折點45!A:A,0)),"") | AB26: =COUNTIFS(05_訊號明細!A:A,A26,05_訊號明細!C:C,"TOP") -> 1 | AC26: =COUNTIFS(05_訊號明細!A:A,A26,05_訊號明細!C:C,"BOTTOM") -> 0
A27: 2020-02-06 | B27: 9395.69 | C27: 9448.72 | D27: 9357.86 | E27: 9445.92 | F27: 2314 | G27: =AVERAGE(E23:E27) -> 9253.04 | H27: =AVERAGE(E18:E27) -> 9168.748 | I27: =AVERAGE(E8:E27) -> 9132.7205 | M27: =I27 -> 9132.7205 | N27: =I27+2*STDEV(E8:E27) -> 9397.663 | O27: =I27-2*STDEV(E8:E27) -> 8867.778 | P27: =MAX(E27-E26,0) -> 78.44 | Q27: =MAX(E26-E27,0) -> 0 | R27: =(R26*13+P27)/14 -> 53.177916 | S27: =(S26*13+Q27)/14 -> 22.948118 | T27: =IF(S27=0,100,100-100/(1+R27/S27)) -> 69.855099 | U27: =E27*2/13+U26*11/13 -> 9197.6037 | Z27: EASY | AA27: =IFERROR(INDEX(02_轉折點45!B:B,MATCH(A27,02_轉折點45!A:A,0)),"") | AB27: =COUNTIFS(05_訊號明細!A:A,A27,05_訊號明細!C:C,"TOP") -> 1 | AC27: =COUNTIFS(05_訊號明細!A:A,A27,05_訊號明細!C:C,"BOTTOM") -> 0
A28: 2020-02-07 | B28: 9397.77 | C28: 9453.24 | D28: 9376.91 | E28: 9401.1 | F28: 2244 | G28: =AVERAGE(E24:E28) -> 9334.958 | H28: =AVERAGE(E19:E28) -> 9194.711 | I28: =AVERAGE(E9:E28) -> 9153.294 | M28: =I28 -> 9153.294 | N28: =I28+2*STDEV(E9:E28) -> 9434.8354 | O28: =I28-2*STDEV(E9:E28) -> 8871.7526 | P28: =MAX(E28-E27,0) -> 0 | Q28: =MAX(E27-E28,0) -> 44.82 | R28: =(R27*13+P28)/14 -> 49.379493 | S28: =(S27*13+Q28)/14 -> 24.510395 | T28: =IF(S28=0,100,100-100/(1+R28/S28)) -> 66.828485 | U28: =E28*2/13+U27*11/13 -> 9228.9108 | V28: =AVERAGE(E3:E28) -> 9089.5758 | W28: =U28-V28 -> 139.33506 | Z28: EASY | AA28: =IFERROR(INDEX(02_轉折點45!B:B,MATCH(A28,02_轉折點45!A:A,0)),"") | AB28: =COUNTIFS(05_訊號明細!A:A,A28,05_訊號明細!C:C,"TOP") -> 0 | AC28: =COUNTIFS(05_訊號明細!A:A,A28,05_訊號明細!C:C,"BOTTOM") -> 0
A29: 2020-02-10 | B29: 9373.2 | C29: 9517.74 | D29: 9373.2 | E29: 9516.84 | F29: 2188 | G29: =AVERAGE(E25:E29) -> 9413.08 | H29: =AVERAGE(E20:E29) -> 9251.177 | I29: =AVERAGE(E10:E29) -> 9180.804 | M29: =I29 -> 9180.804 | N29: =I29+2*STDEV(E10:E29) -> 9491.5591 | O29: =I29-2*STDEV(E10:E29) -> 8870.0489 | P29: =MAX(E29-E28,0) -> 115.74 | Q29: =MAX(E28-E29,0) -> 0 | R29: =(R28*13+P29)/14 -> 54.119529 | S29: =(S28*13+Q29)/14 -> 22.759652 | T29: =IF(S29=0,100,100-100/(1+R29/S29)) -> 70.395558 | U29: =E29*2/13+U28*11/13 -> 9273.2076 | V29: =E29*2/27+V28*25/27 -> 9121.225 | W29: =U29-V29 -> 151.98265 | Z29: EASY | AA29: =IFERROR(INDEX(02_轉折點45!B:B,MATCH(A29,02_轉折點45!A:A,0)),"") | AB29: =COUNTIFS(05_訊號明細!A:A,A29,05_訊號明細!C:C,"TOP") -> 1 | AC29: =COUNTIFS(05_訊號明細!A:A,A29,05_訊號明細!C:C,"BOTTOM") -> 0
A30: 2020-02-11 | B30: 9567.81 | C30: 9600.05 | D30: 9493.63 | E30: 9517.86 | F30: 2450 | G30: =AVERAGE(E26:E30) -> 9449.84 | H30: =AVERAGE(E21:E30) -> 9293.87 | I30: =AVERAGE(E11:E30) -> 9203.1645 | M30: =I30 -> 9203.1645 | N30: =I30+2*STDEV(E11:E30) -> 9543.497 | O30: =I30-2*STDEV(E11:E30) -> 8862.832 | P30: =MAX(E30-E29,0) -> 1.02 | Q30: =MAX(E29-E30,0) -> 0 | R30: =(R29*13+P30)/14 -> 50.326706 | S30: =(S29*13+Q30)/14 -> 21.133963 | T30: =IF(S30=0,100,100-100/(1+R30/S30)) -> 70.425741 | U30: =E30*2/13+U29*11/13 -> 9310.8465 | V30: =E30*2/27+V29*25/27 -> 9150.6053 | W30: =U30-V30 -> 160.24111 | Z30: EASY | AA30: =IFERROR(INDEX(02_轉折點45!B:B,MATCH(A30,02_轉折點45!A:A,0)),"") | AB30: =COUNTIFS(05_訊號明細!A:A,A30,05_訊號明細!C:C,"TOP") -> 1 | AC30: =COUNTIFS(05_訊號明細!A:A,A30,05_訊號明細!C:C,"BOTTOM") -> 0
A31: 2020-02-12 | B31: 9569.82 | C31: 9615.91 | D31: 9552.03 | E31: 9613.2 | F31: 2367 | G31: =AVERAGE(E27:E31) -> 9498.984 | H31: =AVERAGE(E22:E31) -> 9345.029 | I31: =AVERAGE(E12:E31) -> 9232.1535 | M31: =I31 -> 9232.1535 | N31: =I31+2*STDEV(E12:E31) -> 9608.4745 | O31: =I31-2*STDEV(E12:E31) -> 8855.8325 | P31: =MAX(E31-E30,0) -> 95.34 | Q31: =MAX(E30-E31,0) -> 0 | R31: =(R30*13+P31)/14 -> 53.541941 | S31: =(S30*13+Q31)/14 -> 19.624394 | T31: =IF(S31=0,100,100-100/(1+R31/S31)) -> 73.178383 | U31: =E31*2/13+U30*11/13 -> 9357.3624 | V31: =E31*2/27+V30*25/27 -> 9184.8716 | W31: =U31-V31 -> 172.49077 | Z31: EASY | AA31: =IFERROR(INDEX(02_轉折點45!B:B,MATCH(A31,02_轉折點45!A:A,0)),"") | AB31: =COUNTIFS(05_訊號明細!A:A,A31,05_訊號明細!C:C,"TOP") -> 1 | AC31: =COUNTIFS(05_訊號明細!A:A,A31,05_訊號明細!C:C,"BOTTOM") -> 0
A32: 2020-02-13 | B32: 9540.67 | C32: 9636.41 | D32: 9532.74 | E32: 9595.7 | F32: 2255 | G32: =AVERAGE(E28:E32) -> 9528.94 | H32: =AVERAGE(E23:E32) -> 9390.99 | I32: =AVERAGE(E13:E32) -> 9260.155 | M32: =I32 -> 9260.155 | N32: =I32+2*STDEV(E13:E32) -> 9657.6635 | O32: =I32-2*STDEV(E13:E32) -> 8862.6465 | P32: =MAX(E32-E31,0) -> 0 | Q32: =MAX(E31-E32,0) -> 17.5 | R32: =(R31*13+P32)/14 -> 49.717517 | S32: =(S31*13+Q32)/14 -> 19.472652 | T32: =IF(S32=0,100,100-100/(1+R32/S32)) -> 71.856331 | U32: =E32*2/13+U31*11/13 -> 9394.0297 | V32: =E32*2/27+V31*25/27 -> 9215.3033 | W32: =U32-V32 -> 178.72636 | Z32: EASY | AA32: =IFERROR(INDEX(02_轉折點45!B:B,MATCH(A32,02_轉折點45!A:A,0)),"") | AB32: =COUNTIFS(05_訊號明細!A:A,A32,05_訊號明細!C:C,"TOP") -> 0 | AC32: =COUNTIFS(05_訊號明細!A:A,A32,05_訊號明細!C:C,"BOTTOM") -> 0
A33: 2020-02-14 | B33: 9613.88 | C33: 9634.75 | D33: 9583.08 | E33: 9623.58 | F33: 2227 | G33: =AVERAGE(E29:E33) -> 9573.436 | H33: =AVERAGE(E24:E33) -> 9454.197 | I33: =AVERAGE(E14:E33) -> 9285.084 | M33: =I33 -> 9285.084 | N33: =I33+2*STDEV(E14:E33) -> 9708.589 | O33: =I33-2*STDEV(E14:E33) -> 8861.579 | P33: =MAX(E33-E32,0) -> 27.88 | Q33: =MAX(E32-E33,0) -> 0 | R33: =(R32*13+P33)/14 -> 48.157694 | S33: =(S32*13+Q33)/14 -> 18.081748 | T33: =IF(S33=0,100,100-100/(1+R33/S33)) -> 72.702445 | U33: =E33*2/13+U32*11/13 -> 9429.3451 | V33: =E33*2/27+V32*25/27 -> 9245.5461 | W33: =U33-V33 -> 183.79907 | Z33: EASY | AA33: =IFERROR(INDEX(02_轉折點45!B:B,MATCH(A33,02_轉折點45!A:A,0)),"") | AB33: =COUNTIFS(05_訊號明細!A:A,A33,05_訊號明細!C:C,"TOP") -> 1 | AC33: =COUNTIFS(05_訊號明細!A:A,A33,05_訊號明細!C:C,"BOTTOM") -> 0
A34: 2020-02-18 | B34: 9567.28 | C34: 9647.72 | D34: 9567.28 | E34: 9629.8 | F34: 2279 | G34: =AVERAGE(E30:E34) -> 9596.028 | H34: =AVERAGE(E25:E34) -> 9504.554 | I34: =AVERAGE(E15:E34) -> 9307.8875 | M34: =I34 -> 9307.8875 | N34: =I34+2*STDEV(E15:E34) -> 9754.6237 | O34: =I34-2*STDEV(E15:E34) -> 8861.1513 | P34: =MAX(E34-E33,0) -> 6.22 | Q34: =MAX(E33-E34,0) -> 0 | R34: =(R33*13+P34)/14 -> 45.162145 | S34: =(S33*13+Q34)/14 -> 16.790195 | T34: =IF(S34=0,100,100-100/(1+R34/S34)) -> 72.898207 | U34: =E34*2/13+U33*11/13 -> 9460.1843 | V34: =E34*2/27+V33*25/27 -> 9274.0093 | W34: =U34-V34 -> 186.17503 | Z34: EASY | AA34: =IFERROR(INDEX(02_轉折點45!B:B,MATCH(A34,02_轉折點45!A:A,0)),"") | AB34: =COUNTIFS(05_訊號明細!A:A,A34,05_訊號明細!C:C,"TOP") -> 1 | AC34: =COUNTIFS(05_訊號明細!A:A,A34,05_訊號明細!C:C,"BOTTOM") -> 0
A35: 2020-02-19 | B35: 9683.94 | C35: 9736.57 | D35: 9676.07 | E35: 9718.73 | F35: 2471 | G35: =AVERAGE(E31:E35) -> 9636.202 | H35: =AVERAGE(E26:E35) -> 9543.021 | I35: =AVERAGE(E16:E35) -> 9335.4925 | M35: =I35 -> 9335.4925 | N35: =I35+2*STDEV(E16:E35) -> 9812.6706 | O35: =I35-2*STDEV(E16:E35) -> 8858.3144 | P35: =MAX(E35-E34,0) -> 88.93 | Q35: =MAX(E34-E35,0) -> 0 | R35: =(R34*13+P35)/14 -> 48.28842 | S35: =(S34*13+Q35)/14 -> 15.590895 | T35: =IF(S35=0,100,100-100/(1+R35/S35)) -> 75.593203 | U35: =E35*2/13+U34*11/13 -> 9499.9606 | V35: =E35*2/27+V34*25/27 -> 9306.9516 | W35: =U35-V35 -> 193.00901 | Z35: EASY | AA35: =IFERROR(INDEX(02_轉折點45!B:B,MATCH(A35,02_轉折點45!A:A,0)),"") -> TOP | AB35: =COUNTIFS(05_訊號明細!A:A,A35,05_訊號明細!C:C,"TOP") -> 0 | AC35: =COUNTIFS(05_訊號明細!A:A,A35,05_訊號明細!C:C,"BOTTOM") -> 0
A36: 2020-02-20 | B36: 9696.66 | C36: 9714.23 | D36: 9513.23 | E36: 9627.83 | F36: 2746 | G36: =AVERAGE(E32:E36) -> 9639.128 | H36: =AVERAGE(E27:E36) -> 9569.056 | I36: =AVERAGE(E17:E36) -> 9357.455 | M36: =I36 -> 9357.455 | N36: =I36+2*STDEV(E17:E36) -> 9846.4499 | O36: =I36-2*STDEV(E17:E36) -> 8868.4601 | P36: =MAX(E36-E35,0) -> 0 | Q36: =MAX(E35-E36,0) -> 90.9 | R36: =(R35*13+P36)/14 -> 44.839247 | S36: =(S35*13+Q36)/14 -> 20.970117 | T36: =IF(S36=0,100,100-100/(1+R36/S36)) -> 68.135056 | U36: =E36*2/13+U35*11/13 -> 9519.6328 | V36: =E36*2/27+V35*25/27 -> 9330.7204 | W36: =U36-V36 -> 188.91246 | X36: =AVERAGE(W28:W36) -> 172.74128 | Y36: =W36-X36 -> 16.171176 | Z36: EASY | AA36: =IFERROR(INDEX(02_轉折點45!B:B,MATCH(A36,02_轉折點45!A:A,0)),"") | AB36: =COUNTIFS(05_訊號明細!A:A,A36,05_訊號明細!C:C,"TOP") -> 0 | AC36: =COUNTIFS(05_訊號明細!A:A,A36,05_訊號明細!C:C,"BOTTOM") -> 0
A37: 2020-02-21 | B37: 9582.54 | C37: 9594 | D37: 9406.38 | E37: 9446.69 | F37: 2750 | G37: =AVERAGE(E33:E37) -> 9609.326 | H37: =AVERAGE(E28:E37) -> 9569.133 | I37: =AVERAGE(E18:E37) -> 9368.9405 | M37: =I37 -> 9368.9405 | N37: =I37+2*STDEV(E18:E37) -> 9854.8238 | O37: =I37-2*STDEV(E18:E37) -> 8883.0572 | P37: =MAX(E37-E36,0) -> 0 | Q37: =MAX(E36-E37,0) -> 181.14 | R37: =(R36*13+P37)/14 -> 41.636444 | S37: =(S36*13+Q37)/14 -> 32.410823 | T37: =IF(S37=0,100,100-100/(1+R37/S37)) -> 56.229549 | U37: =E37*2/13+U36*11/13 -> 9508.4108 | V37: =E37*2/27+V36*25/27 -> 9339.3107 | W37: =U37-V37 -> 169.10014 | X37: =W37*2/10+X36*8/10 -> 172.01305 | Y37: =W37-X37 -> -2.9129114 | Z37: EASY | AA37: =IFERROR(INDEX(02_轉折點45!B:B,MATCH(A37,02_轉折點45!A:A,0)),"") | AB37: =COUNTIFS(05_訊號明細!A:A,A37,05_訊號明細!C:C,"TOP") -> 0 | AC37: =COUNTIFS(05_訊號明細!A:A,A37,05_訊號明細!C:C,"BOTTOM") -> 0
A38: 2020-02-24 | B38: 9055.3 | C38: 9194.91 | D38: 9028.87 | E38: 9079.63 | F38: 3189 | G38: =AVERAGE(E34:E38) -> 9500.536 | H38: =AVERAGE(E29:E38) -> 9536.986 | I38: =AVERAGE(E19:E38) -> 9365.8485 | M38: =I38 -> 9365.8485 | N38: =I38+2*STDEV(E19:E38) -> 9858.5657 | O38: =I38-2*STDEV(E19:E38) -> 8873.1313 | P38: =MAX(E38-E37,0) -> 0 | Q38: =MAX(E37-E38,0) -> 367.06 | R38: =(R37*13+P38)/14 -> 38.662412 | S38: =(S37*13+Q38)/14 -> 56.314335 | T38: =IF(S38=0,100,100-100/(1+R38/S38)) -> 40.707239 | U38: =E38*2/13+U37*11/13 -> 9442.4446 | V38: =E38*2/27+V37*25/27 -> 9320.0751 | W38: =U38-V38 -> 122.36946 | X38: =W38*2/10+X37*8/10 -> 162.08433 | Y38: =W38-X38 -> -39.71487 | Z38: UNCERTAIN | AA38: =IFERROR(INDEX(02_轉折點45!B:B,MATCH(A38,02_轉折點45!A:A,0)),"") | AB38: =COUNTIFS(05_訊號明細!A:A,A38,05_訊號明細!C:C,"TOP") -> 3 | AC38: =COUNTIFS(05_訊號明細!A:A,A38,05_訊號明細!C:C,"BOTTOM") -> 0
A39: 2020-02-25 | B39: 9167.33 | C39: 9183.78 | D39: 8807.11 | E39: 8834.87 | F39: 3596 | G39: =AVERAGE(E35:E39) -> 9341.55 | H39: =AVERAGE(E30:E39) -> 9468.789 | I39: =AVERAGE(E20:E39) -> 9359.983 | M39: =I39 -> 9359.983 | N39: =I39+2*STDEV(E20:E39) -> 9875.6914 | O39: =I39-2*STDEV(E20:E39) -> 8844.2746 | P39: =MAX(E39-E38,0) -> 0 | Q39: =MAX(E38-E39,0) -> 244.76 | R39: =(R38*13+P39)/14 -> 35.900811 | S39: =(S38*13+Q39)/14 -> 69.77474 | T39: =IF(S39=0,100,100-100/(1+R39/S39)) -> 33.972675 | U39: =E39*2/13+U38*11/13 -> 9348.9716 | V39: =E39*2/27+V38*25/27 -> 9284.134 | W39: =U39-V39 -> 64.837573 | X39: =W39*2/10+X38*8/10 -> 142.63498 | Y39: =W39-X39 -> -77.797409 | Z39: UNCERTAIN | AA39: =IFERROR(INDEX(02_轉折點45!B:B,MATCH(A39,02_轉折點45!A:A,0)),"") | AB39: =COUNTIFS(05_訊號明細!A:A,A39,05_訊號明細!C:C,"TOP") -> 0 | AC39: =COUNTIFS(05_訊號明細!A:A,A39,05_訊號明細!C:C,"BOTTOM") -> 0
A40: 2020-02-26 | B40: 8883.01 | C40: 9032.88 | D40: 8813.92 | E40: 8873.76 | F40: 3588 | G40: =AVERAGE(E36:E40) -> 9172.556 | H40: =AVERAGE(E31:E40) -> 9404.379 | I40: =AVERAGE(E21:E40) -> 9349.1245 | M40: =I40 -> 9349.1245 | N40: =I40+2*STDEV(E21:E40) -> 9896.8379 | O40: =I40-2*STDEV(E21:E40) -> 8801.4111 | P40: =MAX(E40-E39,0) -> 38.89 | Q40: =MAX(E39-E40,0) -> 0 | R40: =(R39*13+P40)/14 -> 36.114325 | S40: =(S39*13+Q40)/14 -> 64.79083 | T40: =IF(S40=0,100,100-100/(1+R40/S40)) -> 35.790366 | U40: =E40*2/13+U39*11/13 -> 9275.8621 | V40: =E40*2/27+V39*25/27 -> 9253.7359 | W40: =U40-V40 -> 22.126176 | X40: =W40*2/10+X39*8/10 -> 118.53322 | Y40: =W40-X40 -> -96.407045 | Z40: UNCERTAIN | AA40: =IFERROR(INDEX(02_轉折點45!B:B,MATCH(A40,02_轉折點45!A:A,0)),"") | AB40: =COUNTIFS(05_訊號明細!A:A,A40,05_訊號明細!C:C,"TOP") -> 1 | AC40: =COUNTIFS(05_訊號明細!A:A,A40,05_訊號明細!C:C,"BOTTOM") -> 0
A41: 2020-02-27 | B41: 8632.54 | C41: 8786.68 | D41: 8430.53 | E41: 8436.67 | F41: 4560 | G41: =AVERAGE(E37:E41) -> 8934.324 | H41: =AVERAGE(E32:E41) -> 9286.726 | I41: =AVERAGE(E22:E41) -> 9315.8775 | M41: =I41 -> 9315.8775 | N41: =I41+2*STDEV(E22:E41) -> 9992.4252 | O41: =I41-2*STDEV(E22:E41) -> 8639.3298 | P41: =MAX(E41-E40,0) -> 0 | Q41: =MAX(E40-E41,0) -> 437.09 | R41: =(R40*13+P41)/14 -> 33.53473 | S41: =(S40*13+Q41)/14 -> 91.383628 | T41: =IF(S41=0,100,100-100/(1+R41/S41)) -> 26.845318 | U41: =E41*2/13+U40*11/13 -> 9146.7556 | V41: =E41*2/27+V40*25/27 -> 9193.2125 | W41: =U41-V41 -> -46.456898 | X41: =W41*2/10+X40*8/10 -> 85.535197 | Y41: =W41-X41 -> -131.99209 | Z41: UNCERTAIN | AA41: =IFERROR(INDEX(02_轉折點45!B:B,MATCH(A41,02_轉折點45!A:A,0)),"") | AB41: =COUNTIFS(05_訊號明細!A:A,A41,05_訊號明細!C:C,"TOP") -> 1 | AC41: =COUNTIFS(05_訊號明細!A:A,A41,05_訊號明細!C:C,"BOTTOM") -> 0
A42: 2020-02-28 | B42: 8133.85 | C42: 8490.47 | D42: 8133.85 | E42: 8461.83 | F42: 5320 | G42: =AVERAGE(E38:E42) -> 8737.352 | H42: =AVERAGE(E33:E42) -> 9173.339 | I42: =AVERAGE(E23:E42) -> 9282.1645 | M42: =I42 -> 9282.1645 | N42: =I42+2*STDEV(E23:E42) -> 10056.557 | O42: =I42-2*STDEV(E23:E42) -> 8507.7721 | P42: =MAX(E42-E41,0) -> 25.16 | Q42: =MAX(E41-E42,0) -> 0 | R42: =(R41*13+P42)/14 -> 32.936535 | S42: =(S41*13+Q42)/14 -> 84.856226 | T42: =IF(S42=0,100,100-100/(1+R42/S42)) -> 27.961425 | U42: =E42*2/13+U41*11/13 -> 9041.3824 | V42: =E42*2/27+V41*25/27 -> 9139.036 | W42: =U42-V42 -> -97.653586 | X42: =W42*2/10+X41*8/10 -> 48.89744 | Y42: =W42-X42 -> -146.55103 | Z42: UNCERTAIN | AA42: =IFERROR(INDEX(02_轉折點45!B:B,MATCH(A42,02_轉折點45!A:A,0)),"") | AB42: =COUNTIFS(05_訊號明細!A:A,A42,05_訊號明細!C:C,"TOP") -> 0 | AC42: =COUNTIFS(05_訊號明細!A:A,A42,05_訊號明細!C:C,"BOTTOM") -> 0
A43: 2020-03-02 | B43: 8569.91 | C43: 8879.39 | D43: 8446.5 | E43: 8877.98 | F43: 4249 | G43: =AVERAGE(E39:E43) -> 8697.022 | H43: =AVERAGE(E34:E43) -> 9098.779 | I43: =AVERAGE(E24:E43) -> 9276.488 | M43: =I43 -> 9276.488 | N43: =I43+2*STDEV(E24:E43) -> 10061.444 | O43: =I43-2*STDEV(E24:E43) -> 8491.5324 | P43: =MAX(E43-E42,0) -> 416.15 | Q43: =MAX(E42-E43,0) -> 0 | R43: =(R42*13+P43)/14 -> 60.308925 | S43: =(S42*13+Q43)/14 -> 78.795067 | T43: =IF(S43=0,100,100-100/(1+R43/S43)) -> 43.35528 | U43: =E43*2/13+U42*11/13 -> 9016.2436 | V43: =E43*2/27+V42*25/27 -> 9119.6985 | W43: =U43-V43 -> -103.45494 | X43: =W43*2/10+X42*8/10 -> 18.426964 | Y43: =W43-X43 -> -121.8819 | Z43: UNCERTAIN | AA43: =IFERROR(INDEX(02_轉折點45!B:B,MATCH(A43,02_轉折點45!A:A,0)),"") | AB43: =COUNTIFS(05_訊號明細!A:A,A43,05_訊號明細!C:C,"TOP") -> 0 | AC43: =COUNTIFS(05_訊號明細!A:A,A43,05_訊號明細!C:C,"BOTTOM") -> 1
A44: 2020-03-03 | B44: 8892.68 | C44: 9000.46 | D44: 8516.58 | E44: 8594.49 | F44: 4337 | G44: =AVERAGE(E40:E44) -> 8648.946 | H44: =AVERAGE(E35:E44) -> 8995.248 | I44: =AVERAGE(E25:E44) -> 9249.901 | M44: =I44 -> 9249.901 | N44: =I44+2*STDEV(E25:E44) -> 10090.345 | O44: =I44-2*STDEV(E25:E44) -> 8409.457 | P44: =MAX(E44-E43,0) -> 0 | Q44: =MAX(E43-E44,0) -> 283.49 | R44: =(R43*13+P44)/14 -> 56.001145 | S44: =(S43*13+Q44)/14 -> 93.416134 | T44: =IF(S44=0,100,100-100/(1+R44/S44)) -> 37.479698 | U44: =E44*2/13+U43*11/13 -> 8951.3584 | V44: =E44*2/27+V43*25/27 -> 9080.7942 | W44: =U44-V44 -> -129.43577 | X44: =W44*2/10+X43*8/10 -> -11.145583 | Y44: =W44-X44 -> -118.29019 | Z44: UNCERTAIN | AA44: =IFERROR(INDEX(02_轉折點45!B:B,MATCH(A44,02_轉折點45!A:A,0)),"") | AB44: =COUNTIFS(05_訊號明細!A:A,A44,05_訊號明細!C:C,"TOP") -> 0 | AC44: =COUNTIFS(05_訊號明細!A:A,A44,05_訊號明細!C:C,"BOTTOM") -> 0
A45: 2020-03-04 | B45: 8745.64 | C45: 8952.11 | D45: 8669.76 | E45: 8949.28 | F45: 3635 | G45: =AVERAGE(E41:E45) -> 8664.05 | H45: =AVERAGE(E36:E45) -> 8918.303 | I45: =AVERAGE(E26:E45) -> 9230.662 | M45: =I45 -> 9230.662 | N45: =I45+2*STDEV(E26:E45) -> 10080.558 | O45: =I45-2*STDEV(E26:E45) -> 8380.7664 | P45: =MAX(E45-E44,0) -> 354.79 | Q45: =MAX(E44-E45,0) -> 0 | R45: =(R44*13+P45)/14 -> 77.343206 | S45: =(S44*13+Q45)/14 -> 86.743553 | T45: =IF(S45=0,100,100-100/(1+R45/S45)) -> 47.135556 | U45: =E45*2/13+U44*11/13 -> 8951.0387 | V45: =E45*2/27+V44*25/27 -> 9071.0524 | W45: =U45-V45 -> -120.01374 | X45: =W45*2/10+X44*8/10 -> -32.919214 | Y45: =W45-X45 -> -87.094524 | Z45: UNCERTAIN | AA45: =IFERROR(INDEX(02_轉折點45!B:B,MATCH(A45,02_轉折點45!A:A,0)),"") | AB45: =COUNTIFS(05_訊號明細!A:A,A45,05_訊號明細!C:C,"TOP") -> 1 | AC45: =COUNTIFS(05_訊號明細!A:A,A45,05_訊號明細!C:C,"BOTTOM") -> 1
A46: 2020-03-05 | B46: 8713.19 | C46: 8864.19 | D46: 8613.91 | E46: 8671.66 | F46: 3764 | G46: =AVERAGE(E42:E46) -> 8711.048 | H46: =AVERAGE(E37:E46) -> 8822.686 | I46: =AVERAGE(E27:E46) -> 9195.871 | M46: =I46 -> 9195.871 | N46: =I46+2*STDEV(E27:E46) -> 10078.521 | O46: =I46-2*STDEV(E27:E46) -> 8313.221 | P46: =MAX(E46-E45,0) -> 0 | Q46: =MAX(E45-E46,0) -> 277.62 | R46: =(R45*13+P46)/14 -> 71.818691 | S46: =(S45*13+Q46)/14 -> 100.37758 | T46: =IF(S46=0,100,100-100/(1+R46/S46)) -> 41.707459 | U46: =E46*2/13+U45*11/13 -> 8908.0573 | V46: =E46*2/27+V45*25/27 -> 9041.4678 | W46: =U46-V46 -> -133.41045 | X46: =W46*2/10+X45*8/10 -> -53.017461 | Y46: =W46-X46 -> -80.392988 | Z46: UNCERTAIN | AA46: =IFERROR(INDEX(02_轉折點45!B:B,MATCH(A46,02_轉折點45!A:A,0)),"") | AB46: =COUNTIFS(05_訊號明細!A:A,A46,05_訊號明細!C:C,"TOP") -> 0 | AC46: =COUNTIFS(05_訊號明細!A:A,A46,05_訊號明細!C:C,"BOTTOM") -> 0
A47: 2020-03-06 | B47: 8395.95 | C47: 8571.88 | D47: 8319.9 | E47: 8530.34 | F47: 4293 | G47: =AVERAGE(E43:E47) -> 8724.75 | H47: =AVERAGE(E38:E47) -> 8731.051 | I47: =AVERAGE(E28:E47) -> 9150.092 | M47: =I47 -> 9150.092 | N47: =I47+2*STDEV(E28:E47) -> 10072.227 | O47: =I47-2*STDEV(E28:E47) -> 8227.9572 | P47: =MAX(E47-E46,0) -> 0 | Q47: =MAX(E46-E47,0) -> 141.32 | R47: =(R46*13+P47)/14 -> 66.688785 | S47: =(S46*13+Q47)/14 -> 103.30204 | T47: =IF(S47=0,100,100-100/(1+R47/S47)) -> 39.230814 | U47: =E47*2/13+U46*11/13 -> 8849.947 | V47: =E47*2/27+V46*25/27 -> 9003.6065 | W47: =U47-V47 -> -153.65949 | X47: =W47*2/10+X46*8/10 -> -73.145867 | Y47: =W47-X47 -> -80.513624 | Z47: UNCERTAIN | AA47: =IFERROR(INDEX(02_轉折點45!B:B,MATCH(A47,02_轉折點45!A:A,0)),"") | AB47: =COUNTIFS(05_訊號明細!A:A,A47,05_訊號明細!C:C,"TOP") -> 0 | AC47: =COUNTIFS(05_訊號明細!A:A,A47,05_訊號明細!C:C,"BOTTOM") -> 0
A48: 2020-03-09 | B48: 7912.14 | C48: 8241.77 | D48: 7912.14 | E48: 7948.03 | F48: 4554 | G48: =AVERAGE(E44:E48) -> 8538.76 | H48: =AVERAGE(E39:E48) -> 8617.891 | I48: =AVERAGE(E29:E48) -> 9077.4385 | M48: =I48 -> 9077.4385 | N48: =I48+2*STDEV(E29:E48) -> 10135.287 | O48: =I48-2*STDEV(E29:E48) -> 8019.5899 | P48: =MAX(E48-E47,0) -> 0 | Q48: =MAX(E47-E48,0) -> 582.31 | R48: =(R47*13+P48)/14 -> 61.9253 | S48: =(S47*13+Q48)/14 -> 137.5169 | T48: =IF(S48=0,100,100-100/(1+R48/S48)) -> 31.049247 | U48: =E48*2/13+U47*11/13 -> 8711.1905 | V48: =E48*2/27+V47*25/27 -> 8925.4156 | W48: =U48-V48 -> -214.2251 | X48: =W48*2/10+X47*8/10 -> -101.36171 | Y48: =W48-X48 -> -112.86339 | Z48: HARD | AA48: =IFERROR(INDEX(02_轉折點45!B:B,MATCH(A48,02_轉折點45!A:A,0)),"") | AB48: =COUNTIFS(05_訊號明細!A:A,A48,05_訊號明細!C:C,"TOP") -> 1 | AC48: =COUNTIFS(05_訊號明細!A:A,A48,05_訊號明細!C:C,"BOTTOM") -> 0
... A51: 2020-03-12 | B51: 7452.76 | C51: 7808.31 | D51: 7255.62 | E51: 7263.65 | F51: 5099 | G51: =AVERAGE(E47:E51) -> 8024.082 | H51: =AVERAGE(E42:E51) -> 8367.565 | I51: =AVERAGE(E32:E51) -> 8827.1455 | M51: =I51 -> 8827.1455 | N51: =I51+2*STDEV(E32:E51) -> 10150.877 | O51: =I51-2*STDEV(E32:E51) -> 7503.4143 | P51: =MAX(E51-E50,0) -> 0 | Q51: =MAX(E50-E51,0) -> 742.47 | R51: =(R50*13+P51)/14 -> 75.709346 | S51: =(S50*13+Q51)/14 -> 187.42276 | T51: =IF(S51=0,100,100-100/(1+R51/S51)) -> 28.772371 | U51: =E51*2/13+U50*11/13 -> 8359.3755 | V51: =E51*2/27+V50*25/27 -> 8704.1417 | W51: =U51-V51 -> -344.76617 | X51: =W51*2/10+X50*8/10 -> -191.42596 | Y51: =W51-X51 -> -153.34021 | Z51: HARD | AA51: =IFERROR(INDEX(02_轉折點45!B:B,MATCH(A51,02_轉折點45!A:A,0)),"") | AB51: =COUNTIFS(05_訊號明細!A:A,A51,05_訊號明細!C:C,"TOP") -> 0 | AC51: =COUNTIFS(05_訊號明細!A:A,A51,05_訊號明細!C:C,"BOTTOM") -> 0
A52: 2020-03-13 | B52: 7683.04 | C52: 7998.51 | D52: 7301.88 | E52: 7995.26 | F52: 4701 | G52: =AVERAGE(E48:E52) -> 7917.066 | H52: =AVERAGE(E43:E52) -> 8320.908 | I52: =AVERAGE(E33:E52) -> 8747.1235 | J52: =AVERAGE(E3:E52) -> 8990.3008 | M52: =I52 -> 8747.1235 | N52: =I52+2*STDEV(E33:E52) -> 10068.729 | O52: =I52-2*STDEV(E33:E52) -> 7425.5182 | P52: =MAX(E52-E51,0) -> 731.61 | Q52: =MAX(E51-E52,0) -> 0 | R52: =(R51*13+P52)/14 -> 122.55939 | S52: =(S51*13+Q52)/14 -> 174.03542 | T52: =IF(S52=0,100,100-100/(1+R52/S52)) -> 41.322164 | U52: =E52*2/13+U51*11/13 -> 8303.3577 | V52: =E52*2/27+V51*25/27 -> 8651.6319 | W52: =U52-V52 -> -348.27419 | X52: =W52*2/10+X51*8/10 -> -222.79561 | Y52: =W52-X52 -> -125.47858 | Z52: HARD | AA52: =IFERROR(INDEX(02_轉折點45!B:B,MATCH(A52,02_轉折點45!A:A,0)),"") | AB52: =COUNTIFS(05_訊號明細!A:A,A52,05_訊號明細!C:C,"TOP") -> 0 | AC52: =COUNTIFS(05_訊號明細!A:A,A52,05_訊號明細!C:C,"BOTTOM") -> 1
A53: 2020-03-16 | B53: 7502.26 | C53: 7563.45 | D53: 6993.61 | E53: 7020.38 | F53: 4618 | G53: =AVERAGE(E49:E53) -> 7731.536 | H53: =AVERAGE(E44:E53) -> 8135.148 | I53: =AVERAGE(E34:E53) -> 8616.9635 | J53: =AVERAGE(E4:E53) -> 8953.264 | M53: =I53 -> 8616.9635 | N53: =I53+2*STDEV(E34:E53) -> 10080.282 | O53: =I53-2*STDEV(E34:E53) -> 7153.6452 | P53: =MAX(E53-E52,0) -> 0 | Q53: =MAX(E52-E53,0) -> 974.88 | R53: =(R52*13+P53)/14 -> 113.80515 | S53: =(S52*13+Q53)/14 -> 231.2386 | T53: =IF(S53=0,100,100-100/(1+R53/S53)) -> 32.982817 | U53: =E53*2/13+U52*11/13 -> 8105.9765 | V53: =E53*2/27+V52*25/27 -> 8530.7984 | W53: =U53-V53 -> -424.8219 | X53: =W53*2/10+X52*8/10 -> -263.20087 | Y53: =W53-X53 -> -161.62103 | Z53: HARD | AA53: =IFERROR(INDEX(02_轉折點45!B:B,MATCH(A53,02_轉折點45!A:A,0)),"") | AB53: =COUNTIFS(05_訊號明細!A:A,A53,05_訊號明細!C:C,"TOP") -> 0 | AC53: =COUNTIFS(05_訊號明細!A:A,A53,05_訊號明細!C:C,"BOTTOM") -> 0
A54: 2020-03-17 | B54: 7198.53 | C54: 7550.13 | D54: 6959.15 | E54: 7473.95 | F54: 4920 | G54: =AVERAGE(E50:E54) -> 7551.872 | H54: =AVERAGE(E45:E54) -> 8023.094 | I54: =AVERAGE(E35:E54) -> 8509.171 | J54: =AVERAGE(E5:E54) -> 8926.865 | M54: =I54 -> 8509.171 | N54: =I54+2*STDEV(E35:E54) -> 9975.9566 | O54: =I54-2*STDEV(E35:E54) -> 7042.3854 | P54: =MAX(E54-E53,0) -> 453.57 | Q54: =MAX(E53-E54,0) -> 0 | R54: =(R53*13+P54)/14 -> 138.07407 | S54: =(S53*13+Q54)/14 -> 214.72156 | T54: =IF(S54=0,100,100-100/(1+R54/S54)) -> 39.137126 | U54: =E54*2/13+U53*11/13 -> 8008.7417 | V54: =E54*2/27+V53*25/27 -> 8452.5134 | W54: =U54-V54 -> -443.77168 | X54: =W54*2/10+X53*8/10 -> -299.31503 | Y54: =W54-X54 -> -144.45665 | Z54: HARD | AA54: =IFERROR(INDEX(02_轉折點45!B:B,MATCH(A54,02_轉折點45!A:A,0)),"") | AB54: =COUNTIFS(05_訊號明細!A:A,A54,05_訊號明細!C:C,"TOP") -> 0 | AC54: =COUNTIFS(05_訊號明細!A:A,A54,05_訊號明細!C:C,"BOTTOM") -> 0
A55: 2020-03-18 | B55: 7023.86 | C55: 7336.88 | D55: 6837.53 | E55: 7175.18 | F55: 4935 | G55: =AVERAGE(E51:E55) -> 7385.684 | H55: =AVERAGE(E46:E55) -> 7845.684 | I55: =AVERAGE(E36:E55) -> 8381.9935 | J55: =AVERAGE(E6:E55) -> 8893.3982 | M55: =I55 -> 8381.9935 | N55: =I55+2*STDEV(E36:E55) -> 9848.2778 | O55: =I55-2*STDEV(E36:E55) -> 6915.7092 | P55: =MAX(E55-E54,0) -> 0 | Q55: =MAX(E54-E55,0) -> 298.77 | R55: =(R54*13+P55)/14 -> 128.21163 | S55: =(S54*13+Q55)/14 -> 220.72502 | T55: =IF(S55=0,100,100-100/(1+R55/S55)) -> 36.743527 | U55: =E55*2/13+U54*11/13 -> 7880.5014 | V55: =E55*2/27+V54*25/27 -> 8357.8961 | W55: =U55-V55 -> -477.39465 | X55: =W55*2/10+X54*8/10 -> -334.93095 | Y55: =W55-X55 -> -142.4637 | Z55: HARD | AA55: =IFERROR(INDEX(02_轉折點45!B:B,MATCH(A55,02_轉折點45!A:A,0)),"") | AB55: =COUNTIFS(05_訊號明細!A:A,A55,05_訊號明細!C:C,"TOP") -> 0 | AC55: =COUNTIFS(05_訊號明細!A:A,A55,05_訊號明細!C:C,"BOTTOM") -> 0
A56: 2020-03-19 | B56: 7190.21 | C56: 7514.14 | D56: 7037.47 | E56: 7288.52 | F56: 4778 | G56: =AVERAGE(E52:E56) -> 7390.658 | H56: =AVERAGE(E47:E56) -> 7707.37 | I56: =AVERAGE(E37:E56) -> 8265.028 | J56: =AVERAGE(E7:E56) -> 8862.2396 | M56: =I56 -> 8265.028 | N56: =I56+2*STDEV(E37:E56) -> 9685.3622 | O56: =I56-2*STDEV(E37:E56) -> 6844.6938 | P56: =MAX(E56-E55,0) -> 113.34 | Q56: =MAX(E55-E56,0) -> 0 | R56: =(R55*13+P56)/14 -> 127.14937 | S56: =(S55*13+Q56)/14 -> 204.95895 | T56: =IF(S56=0,100,100-100/(1+R56/S56)) -> 38.285513 | U56: =E56*2/13+U55*11/13 -> 7789.4274 | V56: =E56*2/27+V55*25/27 -> 8278.683 | W56: =U56-V56 -> -489.25568 | X56: =W56*2/10+X55*8/10 -> -365.7959 | Y56: =W56-X56 -> -123.45978 | Z56: HARD | AA56: =IFERROR(INDEX(02_轉折點45!B:B,MATCH(A56,02_轉折點45!A:A,0)),"") | AB56: =COUNTIFS(05_訊號明細!A:A,A56,05_訊號明細!C:C,"TOP") -> 0 | AC56: =COUNTIFS(05_訊號明細!A:A,A56,05_訊號明細!C:C,"BOTTOM") -> 0
A57: 2020-03-20 | B57: 7391.22 | C57: 7487.83 | D57: 6969.77 | E57: 6994.29 | F57: 5260 | G57: =AVERAGE(E53:E57) -> 7190.464 | H57: =AVERAGE(E48:E57) -> 7553.765 | I57: =AVERAGE(E38:E57) -> 8142.408 | J57: =AVERAGE(E8:E57) -> 8823.878 | M57: =I57 -> 8142.408 | N57: =I57+2*STDEV(E38:E57) -> 9556.6324 | O57: =I57-2*STDEV(E38:E57) -> 6728.1836 | P57: =MAX(E57-E56,0) -> 0 | Q57: =MAX(E56-E57,0) -> 294.23 | R57: =(R56*13+P57)/14 -> 118.06728 | S57: =(S56*13+Q57)/14 -> 211.33545 | T57: =IF(S57=0,100,100-100/(1+R57/S57)) -> 35.842835 | U57: =E57*2/13+U56*11/13 -> 7667.0985 | V57: =E57*2/27+V56*25/27 -> 8183.5428 | W57: =U57-V57 -> -516.44428 | X57: =W57*2/10+X56*8/10 -> -395.92557 | Y57: =W57-X57 -> -120.5187 | Z57: HARD | AA57: =IFERROR(INDEX(02_轉折點45!B:B,MATCH(A57,02_轉折點45!A:A,0)),"") -> BOTTOM | AB57: =COUNTIFS(05_訊號明細!A:A,A57,05_訊號明細!C:C,"TOP") -> 0 | AC57: =COUNTIFS(05_訊號明細!A:A,A57,05_訊號明細!C:C,"BOTTOM") -> 0
A58: 2020-03-23 | B58: 6952.71 | C58: 7145.29 | D58: 6771.91 | E58: 7006.92 | F58: 4348 | G58: =AVERAGE(E54:E58) -> 7187.772 | H58: =AVERAGE(E49:E58) -> 7459.654 | I58: =AVERAGE(E39:E58) -> 8038.7725 | J58: =AVERAGE(E9:E58) -> 8784.2238 | M58: =I58 -> 8038.7725 | N58: =I58+2*STDEV(E39:E58) -> 9467.5214 | O58: =I58-2*STDEV(E39:E58) -> 6610.0236 | P58: =MAX(E58-E57,0) -> 12.63 | Q58: =MAX(E57-E58,0) -> 0 | R58: =(R57*13+P58)/14 -> 110.53604 | S58: =(S57*13+Q58)/14 -> 196.24006 | T58: =IF(S58=0,100,100-100/(1+R58/S58)) -> 36.031504 | U58: =E58*2/13+U57*11/13 -> 7565.5326 | V58: =E58*2/27+V57*25/27 -> 8096.3856 | W58: =U58-V58 -> -530.85296 | X58: =W58*2/10+X57*8/10 -> -422.91105 | Y58: =W58-X58 -> -107.94191 | Z58: HARD | AA58: =IFERROR(INDEX(02_轉折點45!B:B,MATCH(A58,02_轉折點45!A:A,0)),"") | AB58: =COUNTIFS(05_訊號明細!A:A,A58,05_訊號明細!C:C,"TOP") -> 0 | AC58: =COUNTIFS(05_訊號明細!A:A,A58,05_訊號明細!C:C,"BOTTOM") -> 1
A59: 2020-03-24 | B59: 7349 | C59: 7555.91 | D59: 7304.39 | E59: 7553.83 | F59: 4441 | G59: =AVERAGE(E55:E59) -> 7203.748 | H59: =AVERAGE(E50:E59) -> 7377.81 | I59: =AVERAGE(E40:E59) -> 7974.7205 | J59: =AVERAGE(E10:E59) -> 8755.9676 | M59: =I59 -> 7974.7205 | N59: =I59+2*STDEV(E40:E59) -> 9367.6071 | O59: =I59-2*STDEV(E40:E59) -> 6581.8339 | P59: =MAX(E59-E58,0) -> 546.91 | Q59: =MAX(E58-E59,0) -> 0 | R59: =(R58*13+P59)/14 -> 141.70561 | S59: =(S58*13+Q59)/14 -> 182.22291 | T59: =IF(S59=0,100,100-100/(1+R59/S59)) -> 43.74595 | U59: =E59*2/13+U58*11/13 -> 7563.7322 | V59: =E59*2/27+V58*25/27 -> 8056.1963 | W59: =U59-V59 -> -492.46406 | X59: =W59*2/10+X58*8/10 -> -436.82165 | Y59: =W59-X59 -> -55.642406 | Z59: HARD | AA59: =IFERROR(INDEX(02_轉折點45!B:B,MATCH(A59,02_轉折點45!A:A,0)),"") | AB59: =COUNTIFS(05_訊號明細!A:A,A59,05_訊號明細!C:C,"TOP") -> 0 | AC59: =COUNTIFS(05_訊號明細!A:A,A59,05_訊號明細!C:C,"BOTTOM") -> 0
A60: 2020-03-25 | B60: 7543.96 | C60: 7777.61 | D60: 7390.41 | E60: 7469.62 | F60: 4684 | G60: =AVERAGE(E56:E60) -> 7262.636 | H60: =AVERAGE(E51:E60) -> 7324.16 | I60: =AVERAGE(E41:E60) -> 7904.5135 | J60: =AVERAGE(E11:E60) -> 8723.947 | M60: =I60 -> 7904.5135 | N60: =I60+2*STDEV(E41:E60) -> 9247.2449 | O60: =I60-2*STDEV(E41:E60) -> 6561.7821 | P60: =MAX(E60-E59,0) -> 0 | Q60: =MAX(E59-E60,0) -> 84.21 | R60: =(R59*13+P60)/14 -> 131.58378 | S60: =(S59*13+Q60)/14 -> 175.22199 | T60: =IF(S60=0,100,100-100/(1+R60/S60)) -> 42.888301 | U60: =E60*2/13+U59*11/13 -> 7549.2534 | V60: =E60*2/27+V59*25/27 -> 8012.7462 | W60: =U60-V60 -> -463.49277 | X60: =W60*2/10+X59*8/10 -> -442.15588 | Y60: =W60-X60 -> -21.336891 | Z60: HARD | AA60: =IFERROR(INDEX(02_轉折點45!B:B,MATCH(A60,02_轉折點45!A:A,0)),"") | AB60: =COUNTIFS(05_訊號明細!A:A,A60,05_訊號明細!C:C,"TOP") -> 0 | AC60: =COUNTIFS(05_訊號明細!A:A,A60,05_訊號明細!C:C,"BOTTOM") -> 0
A61: 2020-03-26 | B61: 7549.83 | C61: 7913.11 | D61: 7549.83 | E61: 7897.13 | F61: 4015 | G61: =AVERAGE(E57:E61) -> 7384.358 | H61: =AVERAGE(E52:E61) -> 7387.508 | I61: =AVERAGE(E42:E61) -> 7877.5365 | J61: =AVERAGE(E12:E61) -> 8701.2212 | M61: =I61 -> 7877.5365 | N61: =I61+2*STDEV(E42:E61) -> 9196.724 | O61: =I61-2*STDEV(E42:E61) -> 6558.349 | P61: =MAX(E61-E60,0) -> 427.51 | Q61: =MAX(E60-E61,0) -> 0 | R61: =(R60*13+P61)/14 -> 152.72137 | S61: =(S60*13+Q61)/14 -> 162.70613 | T61: =IF(S61=0,100,100-100/(1+R61/S61)) -> 48.417265 | U61: =E61*2/13+U60*11/13 -> 7602.7729 | V61: =E61*2/27+V60*25/27 -> 8004.182 | W61: =U61-V61 -> -401.40913 | X61: =W61*2/10+X60*8/10 -> -434.00653 | Y61: =W61-X61 -> 32.597397 | Z61: HARD | AA61: =IFERROR(INDEX(02_轉折點45!B:B,MATCH(A61,02_轉折點45!A:A,0)),"") | AB61: =COUNTIFS(05_訊號明細!A:A,A61,05_訊號明細!C:C,"TOP") -> 0 | AC61: =COUNTIFS(05_訊號明細!A:A,A61,05_訊號明細!C:C,"BOTTOM") -> 1
A62: 2020-03-27 | B62: 7657.44 | C62: 7817.74 | D62: 7580.22 | E62: 7588.37 | F62: 3989 | G62: =AVERAGE(E58:E62) -> 7503.174 | H62: =AVERAGE(E53:E62) -> 7346.819 | I62: =AVERAGE(E43:E62) -> 7833.8635 | J62: =AVERAGE(E13:E62) -> 8672.2752 | M62: =I62 -> 7833.8635 | N62: =I62+2*STDEV(E43:E62) -> 9129.2225 | O62: =I62-2*STDEV(E43:E62) -> 6538.5045 | P62: =MAX(E62-E61,0) -> 0 | Q62: =MAX(E61-E62,0) -> 308.76 | R62: =(R61*13+P62)/14 -> 141.8127 | S62: =(S61*13+Q62)/14 -> 173.13855 | T62: =IF(S62=0,100,100-100/(1+R62/S62)) -> 45.026873 | U62: =E62*2/13+U61*11/13 -> 7600.5571 | V62: =E62*2/27+V61*25/27 -> 7973.3811 | W62: =U62-V62 -> -372.82407 | X62: =W62*2/10+X61*8/10 -> -421.77003 | Y62: =W62-X62 -> 48.945967 | Z62: HARD | AA62: =IFERROR(INDEX(02_轉折點45!B:B,MATCH(A62,02_轉折點45!A:A,0)),"") | AB62: =COUNTIFS(05_訊號明細!A:A,A62,05_訊號明細!C:C,"TOP") -> 0 | AC62: =COUNTIFS(05_訊號明細!A:A,A62,05_訊號明細!C:C,"BOTTOM") -> 1
A63: 2020-03-30 | B63: 7678.83 | C63: 7902.09 | D63: 7651.43 | E63: 7889.01 | F63: 3871 | G63: =AVERAGE(E59:E63) -> 7679.592 | H63: =AVERAGE(E54:E63) -> 7433.682 | I63: =AVERAGE(E44:E63) -> 7784.415 | J63: =AVERAGE(E14:E63) -> 8647.5554 | M63: =I63 -> 7784.415 | N63: =I63+2*STDEV(E44:E63) -> 8983.9101 | O63: =I63-2*STDEV(E44:E63) -> 6584.9199 | P63: =MAX(E63-E62,0) -> 300.64 | Q63: =MAX(E62-E63,0) -> 0 | R63: =(R62*13+P63)/14 -> 153.15751 | S63: =(S62*13+Q63)/14 -> 160.77151 | T63: =IF(S63=0,100,100-100/(1+R63/S63)) -> 48.787304 | U63: =E63*2/13+U62*11/13 -> 7644.9344 | V63: =E63*2/27+V62*25/27 -> 7967.1314 | W63: =U63-V63 -> -322.19698 | X63: =W63*2/10+X62*8/10 -> -401.85542 | Y63: =W63-X63 -> 79.658445 | Z63: HARD | AA63: =IFERROR(INDEX(02_轉折點45!B:B,MATCH(A63,02_轉折點45!A:A,0)),"") | AB63: =COUNTIFS(05_訊號明細!A:A,A63,05_訊號明細!C:C,"TOP") -> 0 | AC63: =COUNTIFS(05_訊號明細!A:A,A63,05_訊號明細!C:C,"BOTTOM") -> 0
... A101: 2020-05-22 | B101: 9363.67 | C101: 9421.93 | D101: 9325.07 | E101: 9413.99 | F101: 3668 | G101: =AVERAGE(E97:E101) -> 9381.494 | H101: =AVERAGE(E92:E101) -> 9256.598 | I101: =AVERAGE(E82:E101) -> 9092.7255 | J101: =AVERAGE(E52:E101) -> 8413.9784 | M101: =I101 -> 9092.7255 | N101: =I101+2*STDEV(E82:E101) -> 9554.4331 | O101: =I101-2*STDEV(E82:E101) -> 8631.0179 | P101: =MAX(E101-E100,0) -> 36 | Q101: =MAX(E100-E101,0) -> 0 | R101: =(R100*13+P101)/14 -> 83.337048 | S101: =(S100*13+Q101)/14 -> 50.015782 | T101: =IF(S101=0,100,100-100/(1+R101/S101)) -> 62.493648 | U101: =E101*2/13+U100*11/13 -> 9231.2266 | V101: =E101*2/27+V100*25/27 -> 8994.7756 | W101: =U101-V101 -> 236.45109 | X101: =W101*2/10+X100*8/10 -> 228.4969 | Y101: =W101-X101 -> 7.9541836 | Z101: EASY | AA101: =IFERROR(INDEX(02_轉折點45!B:B,MATCH(A101,02_轉折點45!A:A,0)),"") | AB101: =COUNTIFS(05_訊號明細!A:A,A101,05_訊號明細!C:C,"TOP") -> 0 | AC101: =COUNTIFS(05_訊號明細!A:A,A101,05_訊號明細!C:C,"BOTTOM") -> 1
A102: 2020-05-26 | B102: 9570.53 | C102: 9570.53 | D102: 9379.9 | E102: 9389.98 | F102: 4449 | G102: =AVERAGE(E98:E102) -> 9393.104 | H102: =AVERAGE(E93:E102) -> 9265.704 | I102: =AVERAGE(E83:E102) -> 9120.3415 | J102: =AVERAGE(E53:E102) -> 8441.8728 | K102: =AVERAGE(E3:E102) -> 8716.0868 | M102: =I102 -> 9120.3415 | N102: =I102+2*STDEV(E83:E102) -> 9583.8805 | O102: =I102-2*STDEV(E83:E102) -> 8656.8025 | P102: =MAX(E102-E101,0) -> 0 | Q102: =MAX(E101-E102,0) -> 24.01 | R102: =(R101*13+P102)/14 -> 77.384402 | S102: =(S101*13+Q102)/14 -> 48.158226 | T102: =IF(S102=0,100,100-100/(1+R102/S102)) -> 61.639941 | U102: =E102*2/13+U101*11/13 -> 9255.6502 | V102: =E102*2/27+V101*25/27 -> 9024.05 | W102: =U102-V102 -> 231.60028 | X102: =W102*2/10+X101*8/10 -> 229.11758 | Y102: =W102-X102 -> 2.4826987 | Z102: EASY | AA102: =IFERROR(INDEX(02_轉折點45!B:B,MATCH(A102,02_轉折點45!A:A,0)),"") | AB102: =COUNTIFS(05_訊號明細!A:A,A102,05_訊號明細!C:C,"TOP") -> 0 | AC102: =COUNTIFS(05_訊號明細!A:A,A102,05_訊號明細!C:C,"BOTTOM") -> 0
A103: 2020-05-27 | B103: 9366.63 | C103: 9445.06 | D103: 9182.45 | E103: 9442.05 | F103: 4489 | G103: =AVERAGE(E99:E103) -> 9421.806 | H103: =AVERAGE(E94:E103) -> 9298.664 | I103: =AVERAGE(E84:E103) -> 9158.564 | J103: =AVERAGE(E54:E103) -> 8490.3062 | K103: =AVERAGE(E4:E103) -> 8721.7851 | M103: =I103 -> 9158.564 | N103: =I103+2*STDEV(E84:E103) -> 9593.5794 | O103: =I103-2*STDEV(E84:E103) -> 8723.5486 | P103: =MAX(E103-E102,0) -> 52.07 | Q103: =MAX(E102-E103,0) -> 0 | R103: =(R102*13+P103)/14 -> 75.57623 | S103: =(S102*13+Q103)/14 -> 44.718353 | T103: =IF(S103=0,100,100-100/(1+R103/S103)) -> 62.825963 | U103: =E103*2/13+U102*11/13 -> 9284.3271 | V103: =E103*2/27+V102*25/27 -> 9055.0129 | W103: =U103-V103 -> 229.3142 | X103: =W103*2/10+X102*8/10 -> 229.1569 | Y103: =W103-X103 -> 0.15729529 | Z103: EASY | AA103: =IFERROR(INDEX(02_轉折點45!B:B,MATCH(A103,02_轉折點45!A:A,0)),"") | AB103: =COUNTIFS(05_訊號明細!A:A,A103,05_訊號明細!C:C,"TOP") -> 0 | AC103: =COUNTIFS(05_訊號明細!A:A,A103,05_訊號明細!C:C,"BOTTOM") -> 0
A104: 2020-05-28 | B104: 9404.83 | C104: 9568.89 | D104: 9391.84 | E104: 9416.71 | F104: 4114 | G104: =AVERAGE(E100:E104) -> 9408.144 | H104: =AVERAGE(E95:E104) -> 9340.327 | I104: =AVERAGE(E85:E104) -> 9180.2615 | J104: =AVERAGE(E55:E104) -> 8529.1614 | K104: =AVERAGE(E5:E104) -> 8728.0132 | M104: =I104 -> 9180.2615 | N104: =I104+2*STDEV(E85:E104) -> 9621.5989 | O104: =I104-2*STDEV(E85:E104) -> 8738.9241 | P104: =MAX(E104-E103,0) -> 0 | Q104: =MAX(E103-E104,0) -> 25.34 | R104: =(R103*13+P104)/14 -> 70.177928 | S104: =(S103*13+Q104)/14 -> 43.334185 | T104: =IF(S104=0,100,100-100/(1+R104/S104)) -> 61.824176 | U104: =E104*2/13+U103*11/13 -> 9304.6937 | V104: =E104*2/27+V103*25/27 -> 9081.8053 | W104: =U104-V104 -> 222.88842 | X104: =W104*2/10+X103*8/10 -> 227.90321 | Y104: =W104-X104 -> -5.0147875 | Z104: UNCERTAIN | AA104: =IFERROR(INDEX(02_轉折點45!B:B,MATCH(A104,02_轉折點45!A:A,0)),"") | AB104: =COUNTIFS(05_訊號明細!A:A,A104,05_訊號明細!C:C,"TOP") -> 1 | AC104: =COUNTIFS(05_訊號明細!A:A,A104,05_訊號明細!C:C,"BOTTOM") -> 0
A105: 2020-05-29 | B105: 9440.64 | C105: 9573.55 | D105: 9379.93 | E105: 9555.53 | F105: 4742 | G105: =AVERAGE(E101:E105) -> 9443.652 | H105: =AVERAGE(E96:E105) -> 9386.438 | I105: =AVERAGE(E86:E105) -> 9208.0125 | J105: =AVERAGE(E56:E105) -> 8576.7684 | K105: =AVERAGE(E6:E105) -> 8735.0833 | M105: =I105 -> 9208.0125 | N105: =I105+2*STDEV(E86:E105) -> 9671.0261 | O105: =I105-2*STDEV(E86:E105) -> 8744.9989 | P105: =MAX(E105-E104,0) -> 138.82 | Q105: =MAX(E104-E105,0) -> 0 | R105: =(R104*13+P105)/14 -> 75.080933 | S105: =(S104*13+Q105)/14 -> 40.238886 | T105: =IF(S105=0,100,100-100/(1+R105/S105)) -> 65.106704 | U105: =E105*2/13+U104*11/13 -> 9343.2839 | V105: =E105*2/27+V104*25/27 -> 9116.896 | W105: =U105-V105 -> 226.3879 | X105: =W105*2/10+X104*8/10 -> 227.60014 | Y105: =W105-X105 -> -1.2122473 | Z105: UNCERTAIN | AA105: =IFERROR(INDEX(02_轉折點45!B:B,MATCH(A105,02_轉折點45!A:A,0)),"") | AB105: =COUNTIFS(05_訊號明細!A:A,A105,05_訊號明細!C:C,"TOP") -> 0 | AC105: =COUNTIFS(05_訊號明細!A:A,A105,05_訊號明細!C:C,"BOTTOM") -> 0
A106: 2020-06-01 | B106: 9526.43 | C106: 9609.38 | D106: 9515.34 | E106: 9598.89 | F106: 3848 | G106: =AVERAGE(E102:E106) -> 9480.632 | H106: =AVERAGE(E97:E106) -> 9431.063 | I106: =AVERAGE(E87:E106) -> 9252.048 | J106: =AVERAGE(E57:E106) -> 8622.9758 | K106: =AVERAGE(E7:E106) -> 8742.6077 | M106: =I106 -> 9252.048 | N106: =I106+2*STDEV(E87:E106) -> 9685.4869 | O106: =I106-2*STDEV(E87:E106) -> 8818.6091 | P106: =MAX(E106-E105,0) -> 43.36 | Q106: =MAX(E105-E106,0) -> 0 | R106: =(R105*13+P106)/14 -> 72.815152 | S106: =(S105*13+Q106)/14 -> 37.36468 | T106: =IF(S106=0,100,100-100/(1+R106/S106)) -> 66.08755 | U106: =E106*2/13+U105*11/13 -> 9382.6079 | V106: =E106*2/27+V105*25/27 -> 9152.5993 | W106: =U106-V106 -> 230.00865 | X106: =W106*2/10+X105*8/10 -> 228.08185 | Y106: =W106-X106 -> 1.9268061 | Z106: UNCERTAIN | AA106: =IFERROR(INDEX(02_轉折點45!B:B,MATCH(A106,02_轉折點45!A:A,0)),"") | AB106: =COUNTIFS(05_訊號明細!A:A,A106,05_訊號明細!C:C,"TOP") -> 0 | AC106: =COUNTIFS(05_訊號明細!A:A,A106,05_訊號明細!C:C,"BOTTOM") -> 0
A107: 2020-06-02 | B107: 9603.18 | C107: 9660.08 | D107: 9511.88 | E107: 9657.31 | F107: 3990 | G107: =AVERAGE(E103:E107) -> 9534.098 | H107: =AVERAGE(E98:E107) -> 9463.601 | I107: =AVERAGE(E88:E107) -> 9293.208 | J107: =AVERAGE(E58:E107) -> 8676.2362 | K107: =AVERAGE(E8:E107) -> 8750.0571 | M107: =I107 -> 9293.208 | N107: =I107+2*STDEV(E88:E107) -> 9715.747 | O107: =I107-2*STDEV(E88:E107) -> 8870.669 | P107: =MAX(E107-E106,0) -> 58.42 | Q107: =MAX(E106-E107,0) -> 0 | R107: =(R106*13+P107)/14 -> 71.786927 | S107: =(S106*13+Q107)/14 -> 34.695774 | T107: =IF(S107=0,100,100-100/(1+R107/S107)) -> 67.416516 | U107: =E107*2/13+U106*11/13 -> 9424.8698 | V107: =E107*2/27+V106*25/27 -> 9189.9853 | W107: =U107-V107 -> 234.88453 | X107: =W107*2/10+X106*8/10 -> 229.44238 | Y107: =W107-X107 -> 5.4421468 | Z107: UNCERTAIN | AA107: =IFERROR(INDEX(02_轉折點45!B:B,MATCH(A107,02_轉折點45!A:A,0)),"") | AB107: =COUNTIFS(05_訊號明細!A:A,A107,05_訊號明細!C:C,"TOP") -> 0 | AC107: =COUNTIFS(05_訊號明細!A:A,A107,05_訊號明細!C:C,"BOTTOM") -> 0
A108: 2020-06-03 | B108: 9689.72 | C108: 9729.69 | D108: 9648.93 | E108: 9704.69 | F108: 4679 | G108: =AVERAGE(E104:E108) -> 9586.626 | H108: =AVERAGE(E99:E108) -> 9504.216 | I108: =AVERAGE(E89:E108) -> 9331.9115 | J108: =AVERAGE(E59:E108) -> 8730.1916 | K108: =AVERAGE(E9:E108) -> 8757.2077 | M108: =I108 -> 9331.9115 | N108: =I108+2*STDEV(E89:E108) -> 9756.4111 | O108: =I108-2*STDEV(E89:E108) -> 8907.4119 | P108: =MAX(E108-E107,0) -> 47.38 | Q108: =MAX(E107-E108,0) -> 0 | R108: =(R107*13+P108)/14 -> 70.043575 | S108: =(S107*13+Q108)/14 -> 32.217505 | T108: =IF(S108=0,100,100-100/(1+R108/S108)) -> 68.494852 | U108: =E108*2/13+U107*11/13 -> 9467.9191 | V108: =E108*2/27+V107*25/27 -> 9228.1115 | W108: =U108-V108 -> 239.80751 | X108: =W108*2/10+X107*8/10 -> 231.51541 | Y108: =W108-X108 -> 8.2921065 | Z108: UNCERTAIN | AA108: =IFERROR(INDEX(02_轉折點45!B:B,MATCH(A108,02_轉折點45!A:A,0)),"") | AB108: =COUNTIFS(05_訊號明細!A:A,A108,05_訊號明細!C:C,"TOP") -> 0 | AC108: =COUNTIFS(05_訊號明細!A:A,A108,05_訊號明細!C:C,"BOTTOM") -> 0
A109: 2020-06-04 | B109: 9672.17 | C109: 9741.97 | D109: 9577.71 | E109: 9629.66 | F109: 6141 | G109: =AVERAGE(E105:E109) -> 9629.216 | H109: =AVERAGE(E100:E109) -> 9518.68 | I109: =AVERAGE(E90:E109) -> 9364.1515 | J109: =AVERAGE(E60:E109) -> 8771.7082 | K109: =AVERAGE(E10:E109) -> 8763.8379 | M109: =I109 -> 9364.1515 | N109: =I109+2*STDEV(E90:E109) -> 9775.4065 | O109: =I109-2*STDEV(E90:E109) -> 8952.8965 | P109: =MAX(E109-E108,0) -> 0 | Q109: =MAX(E108-E109,0) -> 75.03 | R109: =(R108*13+P109)/14 -> 65.040463 | S109: =(S108*13+Q109)/14 -> 35.27554 | T109: =IF(S109=0,100,100-100/(1+R109/S109)) -> 64.83558 | U109: =E109*2/13+U108*11/13 -> 9492.8023 | V109: =E109*2/27+V108*25/27 -> 9257.8559 | W109: =U109-V109 -> 234.94641 | X109: =W109*2/10+X108*8/10 -> 232.20161 | Y109: =W109-X109 -> 2.744799 | Z109: EASY | AA109: =IFERROR(INDEX(02_轉折點45!B:B,MATCH(A109,02_轉折點45!A:A,0)),"") | AB109: =COUNTIFS(05_訊號明細!A:A,A109,05_訊號明細!C:C,"TOP") -> 0 | AC109: =COUNTIFS(05_訊號明細!A:A,A109,05_訊號明細!C:C,"BOTTOM") -> 0
A110: 2020-06-05 | B110: 9673.09 | C110: 9846.63 | D110: 9659.45 | E110: 9824.39 | F110: 6608 | G110: =AVERAGE(E106:E110) -> 9682.988 | H110: =AVERAGE(E101:E110) -> 9563.32 | I110: =AVERAGE(E91:E110) -> 9400.277 | J110: =AVERAGE(E61:E110) -> 8818.8036 | K110: =AVERAGE(E11:E110) -> 8771.3753 | M110: =I110 -> 9400.277 | N110: =I110+2*STDEV(E91:E110) -> 9840.4451 | O110: =I110-2*STDEV(E91:E110) -> 8960.1089 | P110: =MAX(E110-E109,0) -> 194.73 | Q110: =MAX(E109-E110,0) -> 0 | R110: =(R109*13+P110)/14 -> 74.304001 | S110: =(S109*13+Q110)/14 -> 32.755859 | T110: =IF(S110=0,100,100-100/(1+R110/S110)) -> 69.404164 | U110: =E110*2/13+U109*11/13 -> 9543.8158 | V110: =E110*2/27+V109*25/27 -> 9299.8214 | W110: =U110-V110 -> 243.99441 | X110: =W110*2/10+X109*8/10 -> 234.56017 | Y110: =W110-X110 -> 9.4342431 | Z110: EASY | AA110: =IFERROR(INDEX(02_轉折點45!B:B,MATCH(A110,02_轉折點45!A:A,0)),"") | AB110: =COUNTIFS(05_訊號明細!A:A,A110,05_訊號明細!C:C,"TOP") -> 1 | AC110: =COUNTIFS(05_訊號明細!A:A,A110,05_訊號明細!C:C,"BOTTOM") -> 0
A111: 2020-06-08 | B111: 9805.69 | C111: 9904.52 | D111: 9753.87 | E111: 9901.52 | F111: 6197 | G111: =AVERAGE(E107:E111) -> 9743.514 | H111: =AVERAGE(E102:E111) -> 9612.073 | I111: =AVERAGE(E92:E111) -> 9434.3355 | J111: =AVERAGE(E62:E111) -> 8858.8914 | K111: =AVERAGE(E12:E111) -> 8780.0563 | M111: =I111 -> 9434.3355 | N111: =I111+2*STDEV(E92:E111) -> 9919.0435 | O111: =I111-2*STDEV(E92:E111) -> 8949.6275 | P111: =MAX(E111-E110,0) -> 77.13 | Q111: =MAX(E110-E111,0) -> 0 | R111: =(R110*13+P111)/14 -> 74.505858 | S111: =(S110*13+Q111)/14 -> 30.416154 | T111: =IF(S111=0,100,100-100/(1+R111/S111)) -> 71.010702 | U111: =E111*2/13+U110*11/13 -> 9598.8472 | V111: =E111*2/27+V110*25/27 -> 9344.3916 | W111: =U111-V111 -> 254.45556 | X111: =W111*2/10+X110*8/10 -> 238.53925 | Y111: =W111-X111 -> 15.916315 | Z111: EASY | AA111: =IFERROR(INDEX(02_轉折點45!B:B,MATCH(A111,02_轉折點45!A:A,0)),"") | AB111: =COUNTIFS(05_訊號明細!A:A,A111,05_訊號明細!C:C,"TOP") -> 1 | AC111: =COUNTIFS(05_訊號明細!A:A,A111,05_訊號明細!C:C,"BOTTOM") -> 0
A112: 2020-06-09 | B112: 9861.18 | C112: 10006.9 | D112: 9859 | E112: 9967.17 | F112: 5319 | G112: =AVERAGE(E108:E112) -> 9805.486 | H112: =AVERAGE(E103:E112) -> 9669.792 | I112: =AVERAGE(E93:E112) -> 9467.748 | J112: =AVERAGE(E63:E112) -> 8906.4674 | K112: =AVERAGE(E13:E112) -> 8789.3713 | M112: =I112 -> 9467.748 | N112: =I112+2*STDEV(E93:E112) -> 10002.68 | O112: =I112-2*STDEV(E93:E112) -> 8932.8164 | P112: =MAX(E112-E111,0) -> 65.65 | Q112: =MAX(E111-E112,0) -> 0 | R112: =(R111*13+P112)/14 -> 73.873297 | S112: =(S111*13+Q112)/14 -> 28.243572 | T112: =IF(S112=0,100,100-100/(1+R112/S112)) -> 72.341913 | U112: =E112*2/13+U111*11/13 -> 9655.5122 | V112: =E112*2/27+V111*25/27 -> 9390.5234 | W112: =U112-V112 -> 264.98888 | X112: =W112*2/10+X111*8/10 -> 243.82917 | Y112: =W112-X112 -> 21.159705 | Z112: EASY | AA112: =IFERROR(INDEX(02_轉折點45!B:B,MATCH(A112,02_轉折點45!A:A,0)),"") | AB112: =COUNTIFS(05_訊號明細!A:A,A112,05_訊號明細!C:C,"TOP") -> 1 | AC112: =COUNTIFS(05_訊號明細!A:A,A112,05_訊號明細!C:C,"BOTTOM") -> 0
A113: 2020-06-10 | B113: 10037.98 | C113: 10155.2 | D113: 10022.44 | E113: 10094.26 | F113: 5171 | G113: =AVERAGE(E109:E113) -> 9883.4 | H113: =AVERAGE(E104:E113) -> 9735.013 | I113: =AVERAGE(E94:E113) -> 9516.8385 | J113: =AVERAGE(E64:E113) -> 8950.5724 | K113: =AVERAGE(E14:E113) -> 8799.0639 | M113: =I113 -> 9516.8385 | N113: =I113+2*STDEV(E94:E113) -> 10093.089 | O113: =I113-2*STDEV(E94:E113) -> 8940.5885 | P113: =MAX(E113-E112,0) -> 127.09 | Q113: =MAX(E112-E113,0) -> 0 | R113: =(R112*13+P113)/14 -> 77.67449 | S113: =(S112*13+Q113)/14 -> 26.226174 | T113: =IF(S113=0,100,100-100/(1+R113/S113)) -> 74.758415 | U113: =E113*2/13+U112*11/13 -> 9723.0119 | V113: =E113*2/27+V112*25/27 -> 9442.652 | W113: =U113-V113 -> 280.35989 | X113: =W113*2/10+X112*8/10 -> 251.13532 | Y113: =W113-X113 -> 29.224576 | Z113: EASY | AA113: =IFERROR(INDEX(02_轉折點45!B:B,MATCH(A113,02_轉折點45!A:A,0)),"") | AB113: =COUNTIFS(05_訊號明細!A:A,A113,05_訊號明細!C:C,"TOP") -> 0 | AC113: =COUNTIFS(05_訊號明細!A:A,A113,05_訊號明細!C:C,"BOTTOM") -> 0
... A201: 2020-10-14 | B201: 12105.1 | C201: 12159.21 | D201: 11913.57 | E201: 11985.36 | F201: 3410 | G201: =AVERAGE(E197:E201) -> 11886.686 | H201: =AVERAGE(E192:E201) -> 11657.584 | I201: =AVERAGE(E182:E201) -> 11387.337 | J201: =AVERAGE(E152:E201) -> 11438.166 | K201: =AVERAGE(E102:E201) -> 10841.186 | M201: =I201 -> 11387.337 | N201: =I201+2*STDEV(E182:E201) -> 12138.41 | O201: =I201-2*STDEV(E182:E201) -> 10636.265 | P201: =MAX(E201-E200,0) -> 0 | Q201: =MAX(E200-E201,0) -> 97.81 | R201: =(R200*13+P201)/14 -> 105.43974 | S201: =(S200*13+Q201)/14 -> 68.01372 | T201: =IF(S201=0,100,100-100/(1+R201/S201)) -> 60.788491 | U201: =E201*2/13+U200*11/13 -> 11671.936 | V201: =E201*2/27+V200*25/27 -> 11506.442 | W201: =U201-V201 -> 165.49373 | X201: =W201*2/10+X200*8/10 -> 77.32863 | Y201: =W201-X201 -> 88.165103 | Z201: EASY | AA201: =IFERROR(INDEX(02_轉折點45!B:B,MATCH(A201,02_轉折點45!A:A,0)),"") | AB201: =COUNTIFS(05_訊號明細!A:A,A201,05_訊號明細!C:C,"TOP") -> 0 | AC201: =COUNTIFS(05_訊號明細!A:A,A201,05_訊號明細!C:C,"BOTTOM") -> 0
A202: 2020-10-15 | B202: 11767.27 | C202: 11928.63 | D202: 11765.49 | E202: 11898.57 | F202: 3325 | G202: =AVERAGE(E198:E202) -> 11956.212 | H202: =AVERAGE(E193:E202) -> 11689.121 | I202: =AVERAGE(E183:E202) -> 11428.219 | J202: =AVERAGE(E153:E202) -> 11453.628 | K202: =AVERAGE(E103:E202) -> 10866.272 | L202: =AVERAGE(E3:E202) -> 9791.1794 | M202: =I202 -> 11428.219 | N202: =I202+2*STDEV(E183:E202) -> 12197.85 | O202: =I202-2*STDEV(E183:E202) -> 10658.587 | P202: =MAX(E202-E201,0) -> 0 | Q202: =MAX(E201-E202,0) -> 86.79 | R202: =(R201*13+P202)/14 -> 97.908334 | S202: =(S201*13+Q202)/14 -> 69.354883 | T202: =IF(S202=0,100,100-100/(1+R202/S202)) -> 58.535484 | U202: =E202*2/13+U201*11/13 -> 11706.802 | V202: =E202*2/27+V201*25/27 -> 11535.488 | W202: =U202-V202 -> 171.31404 | X202: =W202*2/10+X201*8/10 -> 96.125712 | Y202: =W202-X202 -> 75.188328 | Z202: EASY | AA202: =IFERROR(INDEX(02_轉折點45!B:B,MATCH(A202,02_轉折點45!A:A,0)),"") | AB202: =COUNTIFS(05_訊號明細!A:A,A202,05_訊號明細!C:C,"TOP") -> 0 | AC202: =COUNTIFS(05_訊號明細!A:A,A202,05_訊號明細!C:C,"BOTTOM") -> 0
A203: 2020-10-16 | B203: 11952.12 | C203: 12034.13 | D203: 11824.14 | E203: 11852.17 | F203: 3167 | G203: =AVERAGE(E199:E203) -> 11981.476 | H203: =AVERAGE(E194:E203) -> 11748.769 | I203: =AVERAGE(E184:E203) -> 11473.978 | J203: =AVERAGE(E154:E203) -> 11465.33 | K203: =AVERAGE(E104:E203) -> 10890.373 | L203: =AVERAGE(E4:E203) -> 9806.0791 | M203: =I203 -> 11473.978 | N203: =I203+2*STDEV(E184:E203) -> 12229.327 | O203: =I203-2*STDEV(E184:E203) -> 10718.629 | P203: =MAX(E203-E202,0) -> 0 | Q203: =MAX(E202-E203,0) -> 46.4 | R203: =(R202*13+P203)/14 -> 90.914882 | S203: =(S202*13+Q203)/14 -> 67.715249 | T203: =IF(S203=0,100,100-100/(1+R203/S203)) -> 57.312493 | U203: =E203*2/13+U202*11/13 -> 11729.167 | V203: =E203*2/27+V202*25/27 -> 11558.946 | W203: =U203-V203 -> 170.22039 | X203: =W203*2/10+X202*8/10 -> 110.94465 | Y203: =W203-X203 -> 59.275741 | Z203: EASY | AA203: =IFERROR(INDEX(02_轉折點45!B:B,MATCH(A203,02_轉折點45!A:A,0)),"") | AB203: =COUNTIFS(05_訊號明細!A:A,A203,05_訊號明細!C:C,"TOP") -> 0 | AC203: =COUNTIFS(05_訊號明細!A:A,A203,05_訊號明細!C:C,"BOTTOM") -> 0
A204: 2020-10-19 | B204: 11913.01 | C204: 11962.47 | D204: 11606.48 | E204: 11634.35 | F204: 3477 | G204: =AVERAGE(E200:E204) -> 11890.724 | H204: =AVERAGE(E195:E204) -> 11761.298 | I204: =AVERAGE(E185:E204) -> 11506.684 | J204: =AVERAGE(E155:E204) -> 11475.229 | K204: =AVERAGE(E105:E204) -> 10912.549 | L204: =AVERAGE(E5:E204) -> 9820.2813 | M204: =I204 -> 11506.684 | N204: =I204+2*STDEV(E185:E204) -> 12227.89 | O204: =I204-2*STDEV(E185:E204) -> 10785.479 | P204: =MAX(E204-E203,0) -> 0 | Q204: =MAX(E203-E204,0) -> 217.82 | R204: =(R203*13+P204)/14 -> 84.420962 | S204: =(S203*13+Q204)/14 -> 78.437017 | T204: =IF(S204=0,100,100-100/(1+R204/S204)) -> 51.837167 | U204: =E204*2/13+U203*11/13 -> 11714.579 | V204: =E204*2/27+V203*25/27 -> 11564.532 | W204: =U204-V204 -> 150.04775 | X204: =W204*2/10+X203*8/10 -> 118.76527 | Y204: =W204-X204 -> 31.282483 | Z204: UNCERTAIN | AA204: =IFERROR(INDEX(02_轉折點45!B:B,MATCH(A204,02_轉折點45!A:A,0)),"") | AB204: =COUNTIFS(05_訊號明細!A:A,A204,05_訊號明細!C:C,"TOP") -> 2 | AC204: =COUNTIFS(05_訊號明細!A:A,A204,05_訊號明細!C:C,"BOTTOM") -> 0
A205: 2020-10-20 | B205: 11679.08 | C205: 11801.4 | D205: 11613.76 | E205: 11677.84 | F205: 3510 | G205: =AVERAGE(E201:E205) -> 11809.658 | H205: =AVERAGE(E196:E205) -> 11799.955 | I205: =AVERAGE(E186:E205) -> 11531.258 | J205: =AVERAGE(E156:E205) -> 11487.083 | K205: =AVERAGE(E106:E205) -> 10933.773 | L205: =AVERAGE(E6:E205) -> 9834.4279 | M205: =I205 -> 11531.258 | N205: =I205+2*STDEV(E186:E205) -> 12239.892 | O205: =I205-2*STDEV(E186:E205) -> 10822.624 | P205: =MAX(E205-E204,0) -> 43.49 | Q205: =MAX(E204-E205,0) -> 0 | R205: =(R204*13+P205)/14 -> 81.497322 | S205: =(S204*13+Q205)/14 -> 72.834373 | T205: =IF(S205=0,100,100-100/(1+R205/S205)) -> 52.806601 | U205: =E205*2/13+U204*11/13 -> 11708.927 | V205: =E205*2/27+V204*25/27 -> 11572.925 | W205: =U205-V205 -> 136.00232 | X205: =W205*2/10+X204*8/10 -> 122.21268 | Y205: =W205-X205 -> 13.789641 | Z205: UNCERTAIN | AA205: =IFERROR(INDEX(02_轉折點45!B:B,MATCH(A205,02_轉折點45!A:A,0)),"") | AB205: =COUNTIFS(05_訊號明細!A:A,A205,05_訊號明細!C:C,"TOP") -> 0 | AC205: =COUNTIFS(05_訊號明細!A:A,A205,05_訊號明細!C:C,"BOTTOM") -> 0
A206: 2020-10-21 | B206: 11686.19 | C206: 11789.46 | D206: 11646.48 | E206: 11665.37 | F206: 3467 | G206: =AVERAGE(E202:E206) -> 11745.66 | H206: =AVERAGE(E197:E206) -> 11816.173 | I206: =AVERAGE(E187:E206) -> 11572.86 | J206: =AVERAGE(E157:E206) -> 11502.869 | K206: =AVERAGE(E107:E206) -> 10954.437 | L206: =AVERAGE(E7:E206) -> 9848.5225 | M206: =I206 -> 11572.86 | N206: =I206+2*STDEV(E187:E206) -> 12202.235 | O206: =I206-2*STDEV(E187:E206) -> 10943.485 | P206: =MAX(E206-E205,0) -> 0 | Q206: =MAX(E205-E206,0) -> 12.47 | R206: =(R205*13+P206)/14 -> 75.676084 | S206: =(S205*13+Q206)/14 -> 68.522632 | T206: =IF(S206=0,100,100-100/(1+R206/S206)) -> 52.480415 | U206: =E206*2/13+U205*11/13 -> 11702.226 | V206: =E206*2/27+V205*25/27 -> 11579.773 | W206: =U206-V206 -> 122.45342 | X206: =W206*2/10+X205*8/10 -> 122.26083 | Y206: =W206-X206 -> 0.19259539 | Z206: UNCERTAIN | AA206: =IFERROR(INDEX(02_轉折點45!B:B,MATCH(A206,02_轉折點45!A:A,0)),"") | AB206: =COUNTIFS(05_訊號明細!A:A,A206,05_訊號明細!C:C,"TOP") -> 1 | AC206: =COUNTIFS(05_訊號明細!A:A,A206,05_訊號明細!C:C,"BOTTOM") -> 0
A207: 2020-10-22 | B207: 11712.64 | C207: 11739.22 | D207: 11529.73 | E207: 11662.91 | F207: 3434 | G207: =AVERAGE(E203:E207) -> 11698.528 | H207: =AVERAGE(E198:E207) -> 11827.37 | I207: =AVERAGE(E188:E207) -> 11611.182 | J207: =AVERAGE(E158:E207) -> 11512.972 | K207: =AVERAGE(E108:E207) -> 10974.493 | L207: =AVERAGE(E8:E207) -> 9862.2753 | M207: =I207 -> 11611.182 | N207: =I207+2*STDEV(E188:E207) -> 12154.616 | O207: =I207-2*STDEV(E188:E207) -> 11067.748 | P207: =MAX(E207-E206,0) -> 0 | Q207: =MAX(E206-E207,0) -> 2.46 | R207: =(R206*13+P207)/14 -> 70.27065 | S207: =(S206*13+Q207)/14 -> 63.803872 | T207: =IF(S207=0,100,100-100/(1+R207/S207)) -> 52.411635 | U207: =E207*2/13+U206*11/13 -> 11696.177 | V207: =E207*2/27+V206*25/27 -> 11585.931 | W207: =U207-V207 -> 110.24647 | X207: =W207*2/10+X206*8/10 -> 119.85796 | Y207: =W207-X207 -> -9.6114858 | Z207: UNCERTAIN | AA207: =IFERROR(INDEX(02_轉折點45!B:B,MATCH(A207,02_轉折點45!A:A,0)),"") | AB207: =COUNTIFS(05_訊號明細!A:A,A207,05_訊號明細!C:C,"TOP") -> 0 | AC207: =COUNTIFS(05_訊號明細!A:A,A207,05_訊號明細!C:C,"BOTTOM") -> 0
A208: 2020-10-23 | B208: 11680.73 | C208: 11693.01 | D208: 11569.09 | E208: 11692.57 | F208: 3146 | G208: =AVERAGE(E204:E208) -> 11666.608 | H208: =AVERAGE(E199:E208) -> 11824.042 | I208: =AVERAGE(E189:E208) -> 11638.254 | J208: =AVERAGE(E159:E208) -> 11523.256 | K208: =AVERAGE(E109:E208) -> 10994.372 | L208: =AVERAGE(E9:E208) -> 9875.79 | M208: =I208 -> 11638.254 | N208: =I208+2*STDEV(E189:E208) -> 12137.324 | O208: =I208-2*STDEV(E189:E208) -> 11139.184 | P208: =MAX(E208-E207,0) -> 29.66 | Q208: =MAX(E207-E208,0) -> 0 | R208: =(R207*13+P208)/14 -> 67.369889 | S208: =(S207*13+Q208)/14 -> 59.246453 | T208: =IF(S208=0,100,100-100/(1+R208/S208)) -> 53.207894 | U208: =E208*2/13+U207*11/13 -> 11695.622 | V208: =E208*2/27+V207*25/27 -> 11593.83 | W208: =U208-V208 -> 101.79229 | X208: =W208*2/10+X207*8/10 -> 116.24482 | Y208: =W208-X208 -> -14.452534 | Z208: UNCERTAIN | AA208: =IFERROR(INDEX(02_轉折點45!B:B,MATCH(A208,02_轉折點45!A:A,0)),"") | AB208: =COUNTIFS(05_訊號明細!A:A,A208,05_訊號明細!C:C,"TOP") -> 0 | AC208: =COUNTIFS(05_訊號明細!A:A,A208,05_訊號明細!C:C,"BOTTOM") -> 0
A209: 2020-10-26 | B209: 11584.17 | C209: 11708.08 | D209: 11360.73 | E209: 11504.52 | F209: 3205 | G209: =AVERAGE(E205:E209) -> 11640.642 | H209: =AVERAGE(E200:E209) -> 11765.683 | I209: =AVERAGE(E190:E209) -> 11645.257 | J209: =AVERAGE(E160:E209) -> 11530.058 | K209: =AVERAGE(E110:E209) -> 11013.121 | L209: =AVERAGE(E10:E209) -> 9888.4793 | M209: =I209 -> 11645.257 | N209: =I209+2*STDEV(E190:E209) -> 12131.927 | O209: =I209-2*STDEV(E190:E209) -> 11158.588 | P209: =MAX(E209-E208,0) -> 0 | Q209: =MAX(E208-E209,0) -> 188.05 | R209: =(R208*13+P209)/14 -> 62.557754 | S209: =(S208*13+Q209)/14 -> 68.446706 | T209: =IF(S209=0,100,100-100/(1+R209/S209)) -> 47.752385 | U209: =E209*2/13+U208*11/13 -> 11666.222 | V209: =E209*2/27+V208*25/27 -> 11587.215 | W209: =U209-V209 -> 79.007476 | X209: =W209*2/10+X208*8/10 -> 108.79735 | Y209: =W209-X209 -> -29.789877 | Z209: UNCERTAIN | AA209: =IFERROR(INDEX(02_轉折點45!B:B,MATCH(A209,02_轉折點45!A:A,0)),"") | AB209: =COUNTIFS(05_訊號明細!A:A,A209,05_訊號明細!C:C,"TOP") -> 1 | AC209: =COUNTIFS(05_訊號明細!A:A,A209,05_訊號明細!C:C,"BOTTOM") -> 0
A210: 2020-10-27 | B210: 11560.86 | C210: 11633.49 | D210: 11503.1 | E210: 11598.95 | F210: 3105 | G210: =AVERAGE(E206:E210) -> 11624.864 | H210: =AVERAGE(E201:E210) -> 11717.261 | I210: =AVERAGE(E191:E210) -> 11659.058 | J210: =AVERAGE(E161:E210) -> 11536.265 | K210: =AVERAGE(E111:E210) -> 11030.866 | L210: =AVERAGE(E11:E210) -> 9901.1208 | M210: =I210 -> 11659.058 | N210: =I210+2*STDEV(E191:E210) -> 12122.336 | O210: =I210-2*STDEV(E191:E210) -> 11195.779 | P210: =MAX(E210-E209,0) -> 94.43 | Q210: =MAX(E209-E210,0) -> 0 | R210: =(R209*13+P210)/14 -> 64.834343 | S210: =(S209*13+Q210)/14 -> 63.557656 | T210: =IF(S210=0,100,100-100/(1+R210/S210)) -> 50.497183 | U210: =E210*2/13+U209*11/13 -> 11655.873 | V210: =E210*2/27+V209*25/27 -> 11588.084 | W210: =U210-V210 -> 67.788634 | X210: =W210*2/10+X209*8/10 -> 100.59561 | Y210: =W210-X210 -> -32.806975 | Z210: UNCERTAIN | AA210: =IFERROR(INDEX(02_轉折點45!B:B,MATCH(A210,02_轉折點45!A:A,0)),"") | AB210: =COUNTIFS(05_訊號明細!A:A,A210,05_訊號明細!C:C,"TOP") -> 0 | AC210: =COUNTIFS(05_訊號明細!A:A,A210,05_訊號明細!C:C,"BOTTOM") -> 0
A211: 2020-10-28 | B211: 11400.48 | C211: 11426.1 | D211: 11136.1 | E211: 11142.76 | F211: 3931 | G211: =AVERAGE(E207:E211) -> 11520.342 | H211: =AVERAGE(E202:E211) -> 11633.001 | I211: =AVERAGE(E192:E211) -> 11645.292 | J211: =AVERAGE(E162:E211) -> 11531.14 | K211: =AVERAGE(E112:E211) -> 11043.279 | L211: =AVERAGE(E12:E211) -> 9911.6676 | M211: =I211 -> 11645.292 | N211: =I211+2*STDEV(E192:E211) -> 12152.954 | O211: =I211-2*STDEV(E192:E211) -> 11137.631 | P211: =MAX(E211-E210,0) -> 0 | Q211: =MAX(E210-E211,0) -> 456.19 | R211: =(R210*13+P211)/14 -> 60.203319 | S211: =(S210*13+Q211)/14 -> 91.602823 | T211: =IF(S211=0,100,100-100/(1+R211/S211)) -> 39.658026 | U211: =E211*2/13+U210*11/13 -> 11576.932 | V211: =E211*2/27+V210*25/27 -> 11555.097 | W211: =U211-V211 -> 21.835199 | X211: =W211*2/10+X210*8/10 -> 84.843527 | Y211: =W211-X211 -> -63.008328 | Z211: UNCERTAIN | AA211: =IFERROR(INDEX(02_轉折點45!B:B,MATCH(A211,02_轉折點45!A:A,0)),"") | AB211: =COUNTIFS(05_訊號明細!A:A,A211,05_訊號明細!C:C,"TOP") -> 1 | AC211: =COUNTIFS(05_訊號明細!A:A,A211,05_訊號明細!C:C,"BOTTOM") -> 0
A212: 2020-10-29 | B212: 11214.33 | C212: 11467.37 | D212: 11187.08 | E212: 11350.74 | F212: 3244 | G212: =AVERAGE(E208:E212) -> 11457.908 | H212: =AVERAGE(E203:E212) -> 11578.218 | I212: =AVERAGE(E193:E212) -> 11633.669 | J212: =AVERAGE(E163:E212) -> 11531.782 | K212: =AVERAGE(E113:E212) -> 11057.114 | L212: =AVERAGE(E13:E212) -> 9923.2429 | M212: =I212 -> 11633.669 | N212: =I212+2*STDEV(E193:E212) -> 12157.697 | O212: =I212-2*STDEV(E193:E212) -> 11109.642 | P212: =MAX(E212-E211,0) -> 207.98 | Q212: =MAX(E211-E212,0) -> 0 | R212: =(R211*13+P212)/14 -> 70.758796 | S212: =(S211*13+Q212)/14 -> 85.059764 | T212: =IF(S212=0,100,100-100/(1+R212/S212)) -> 45.411019 | U212: =E212*2/13+U211*11/13 -> 11542.133 | V212: =E212*2/27+V211*25/27 -> 11539.959 | W212: =U212-V212 -> 2.1739576 | X212: =W212*2/10+X211*8/10 -> 68.309613 | Y212: =W212-X212 -> -66.135656 | Z212: UNCERTAIN | AA212: =IFERROR(INDEX(02_轉折點45!B:B,MATCH(A212,02_轉折點45!A:A,0)),"") | AB212: =COUNTIFS(05_訊號明細!A:A,A212,05_訊號明細!C:C,"TOP") -> 0 | AC212: =COUNTIFS(05_訊號明細!A:A,A212,05_訊號明細!C:C,"BOTTOM") -> 0
A213: 2020-10-30 | B213: 11265.7 | C213: 11293.76 | D213: 10960.02 | E213: 11052.95 | F213: 3672 | G213: =AVERAGE(E209:E213) -> 11329.984 | H213: =AVERAGE(E204:E213) -> 11498.296 | I213: =AVERAGE(E194:E213) -> 11623.532 | J213: =AVERAGE(E164:E213) -> 11523.3 | K213: =AVERAGE(E114:E213) -> 11066.701 | L213: =AVERAGE(E14:E213) -> 9932.8826 | M213: =I213 -> 11623.532 | N213: =I213+2*STDEV(E194:E213) -> 12184.863 | O213: =I213-2*STDEV(E194:E213) -> 11062.202 | P213: =MAX(E213-E212,0) -> 0 | Q213: =MAX(E212-E213,0) -> 297.79 | R213: =(R212*13+P213)/14 -> 65.704596 | S213: =(S212*13+Q213)/14 -> 100.25478 | T213: =IF(S213=0,100,100-100/(1+R213/S213)) -> 39.59077 | U213: =E213*2/13+U212*11/13 -> 11466.874 | V213: =E213*2/27+V212*25/27 -> 11503.885 | W213: =U213-V213 -> -37.010251 | X213: =W213*2/10+X212*8/10 -> 47.24564 | Y213: =W213-X213 -> -84.255891 | Z213: UNCERTAIN | AA213: =IFERROR(INDEX(02_轉折點45!B:B,MATCH(A213,02_轉折點45!A:A,0)),"") | AB213: =COUNTIFS(05_訊號明細!A:A,A213,05_訊號明細!C:C,"TOP") -> 0 | AC213: =COUNTIFS(05_訊號明細!A:A,A213,05_訊號明細!C:C,"BOTTOM") -> 0
... A1651: 2026-07-27 | B1651: 28412.31 | C1651: 28460.2 | D1651: 27786.54 | E1651: 28039.21 | F1651: 7798 | G1651: =AVERAGE(E1647:E1651) -> 28555.128 | H1651: =AVERAGE(E1642:E1651) -> 28808.719 | I1651: =AVERAGE(E1632:E1651) -> 29210.82 | J1651: =AVERAGE(E1602:E1651) -> 29493.317 | K1651: =AVERAGE(E1552:E1651) -> 27637 | L1651: =AVERAGE(E1452:E1651) -> 26448.083 | M1651: =I1651 -> 29210.82 | N1651: =I1651+2*STDEV(E1632:E1651) -> 30414.957 | O1651: =I1651-2*STDEV(E1632:E1651) -> 28006.682 | P1651: =MAX(E1651-E1650,0) -> 0 | Q1651: =MAX(E1650-E1651,0) -> 89.13 | R1651: =(R1650*13+P1651)/14 -> 133.64512 | S1651: =(S1650*13+Q1651)/14 -> 214.65883 | T1651: =IF(S1651=0,100,100-100/(1+R1651/S1651)) -> 38.370257 | U1651: =E1651*2/13+U1650*11/13 -> 28788.089 | V1651: =E1651*2/27+V1650*25/27 -> 29086.117 | W1651: =U1651-V1651 -> -298.028 | X1651: =W1651*2/10+X1650*8/10 -> -146.58438 | Y1651: =W1651-X1651 -> -151.44362 | Z1651: UNCERTAIN | AA1651: =IFERROR(INDEX(02_轉折點45!B:B,MATCH(A1651,02_轉折點45!A:A,0)),"") | AB1651: =COUNTIFS(05_訊號明細!A:A,A1651,05_訊號明細!C:C,"TOP") -> 0 | AC1651: =COUNTIFS(05_訊號明細!A:A,A1651,05_訊號明細!C:C,"BOTTOM") -> 0
A1653: 核對區(dashboard預計算值 vs 本表公式, 末交易日)
A1654: MA200 | B1654: 26448.08 | C1654: =L1651 -> 26448.083 | D1654: =IF(ABS(B1654-C1654)<MAX(0.6,ABS(B1654)*0.002),"一致✓","偏差!") -> 一致✓
A1655: RSI14 | B1655: 38.37 | C1655: =T1651 -> 38.370257 | D1655: =IF(ABS(B1655-C1655)<MAX(0.6,ABS(B1655)*0.002),"一致✓","偏差!") -> 一致✓
A1656: MACD | B1656: -298.03 | C1656: =W1651 -> -298.028 | D1656: =IF(ABS(B1656-C1656)<MAX(0.6,ABS(B1656)*0.002),"一致✓","偏差!") -> 一致✓
A1657: Signal | B1657: -146.58 | C1657: =X1651 -> -146.58438 | D1657: =IF(ABS(B1657-C1657)<MAX(0.6,ABS(B1657)*0.002),"一致✓","偏差!") -> 一致✓

Sheet 02_轉折點45
A1: 主要轉折點 (ZigZag ±15%, 1999-2026) | 2020後14個落在01表軸內
A2: 日期 | B2: 類型 | C2: 價位 | D2: 其後走勢% | E2: 走勢迄
A3: 2000-03-10 | B3: TOP | C3: 4612.28 | D3: -0.3421 | E3: 2000-04-14
A4: 2000-04-14 | B4: BOTTOM | C4: 3034.24 | D4: 0.1917 | E4: 2000-05-01
A5: 2000-05-01 | B5: TOP | C5: 3615.99 | D5: -0.2005 | E5: 2000-05-23
A6: 2000-05-23 | B6: BOTTOM | C6: 2891.05 | D6: 0.3508 | E6: 2000-07-17
A7: 2000-07-17 | B7: TOP | C7: 3905.22 | D7: -0.3923 | E7: 2000-11-30
A8: 2000-11-30 | B8: BOTTOM | C8: 2373.4 | D8: 0.1606 | E8: 2000-12-11
A9: 2000-12-11 | B9: TOP | C9: 2754.51 | D9: -0.2399 | E9: 2001-01-02
A10: 2001-01-02 | B10: BOTTOM | C10: 2093.78 | D10: 0.2475 | E10: 2001-01-24
A11: 2001-01-24 | B11: TOP | C11: 2612.04 | D11: -0.4268 | E11: 2001-04-04
A12: 2001-04-04 | B12: BOTTOM | C12: 1497.16 | D12: 0.4119 | E12: 2001-05-22
A13: 2001-05-22 | B13: TOP | C13: 2113.87 | D13: -0.3849 | E13: 2001-09-21
A14: 2001-09-21 | B14: BOTTOM | C14: 1300.19 | D14: 0.447 | E14: 2002-01-04
... A46: 2025-04-08 | B46: BOTTOM | C46: 17090.4 | D46: 0.7451 | E46: 2026-07-10

Sheet 05_訊號明細
A1: 全部訊號日 (2037筆) | 01表當日訊號數以COUNTIFS引用本表
A2: 日期 | B2: 指標 | C2: 警訊 | D2: 族
A3: 1976-05-31 | B3: s_CREDIT | C3: BOTTOM | D3: 月度支柱
A4: 1976-10-31 | B4: score | C4: TOP | D4: 月度支柱
A5: 1977-01-31 | B5: s_POLICY | C5: TOP | D5: 月度支柱
A6: 1977-02-28 | B6: score | C6: TOP | D6: 月度支柱
A7: 1977-11-30 | B7: s_INFL | C7: TOP | D7: 月度支柱
A8: 1978-03-31 | B8: score | C8: BOTTOM | D8: 月度支柱
A9: 1978-06-30 | B9: score | C9: TOP | D9: 月度支柱
A10: 1978-10-31 | B10: score | C10: TOP | D10: 月度支柱
A11: 1978-11-30 | B11: s_CURVE | C11: TOP | D11: 月度支柱
A12: 1979-04-30 | B12: s_CREDIT | C12: TOP | D12: 月度支柱
A13: 1979-11-30 | B13: score | C13: BOTTOM | D13: 月度支柱
... A2039: 2026-07-08 | B2039: sma5_10_cross | C2039: TOP | D2039: 趨勢動能

Sheet 03_領先指標排行
A1: 34指標領先性排行 (45轉折×5族×對抗性驗證) | 中位lead越負越領先 | ⭐=A3.1 raster入選
A2: 排名 | B2: 指標 | C2: 族 | D2: 警訊 | E2: 判定 | F2: 中位lead | G2: 命中 | H2: FP率 | I2: ⭐
A3: 1 | B3: newhigh_low_volume | C3: 量價 | D3: TOP | E3: WEAK | F3: -83d | G3: T7/16 B0/0 | H3: 0.5
A4: 2 | B4: breadth_break_first | C4: 信用廣度 | D4: TOP | E4: LEADING | F4: -82d | G4: T4/6 B0/0 | H4: 0.24 | I4: ⭐
A5: 3 | B5: HV20_rise_from_low_near_high | C5: 波動率 | D5: TOP | E5: LEADING | F5: -80d | G5: T13/22 B0/0 | H5: 0.431 | I5: ⭐
A6: 4 | B6: vix_hyoas_double | C6: 信用廣度 | D6: TOP | E6: WEAK | F6: -80d | G6: T4/6 B0/0 | H6: 0.377
A7: 5 | B7: distribution_cluster | C7: 量價 | D7: TOP | E7: WEAK | F7: -80d | G7: T5/16 B0/0 | H7: 0.383
A8: 6 | B8: HV20_regime_cross25 | C8: 波動率 | D8: TOP | E8: WEAK | F8: -74d | G8: T4/22 B0/0 | H8: 0.467
A9: 7 | B9: sma200_slope_neg | C9: 趨勢動能 | D9: TOP | E9: WEAK | F9: -74d | G9: T4/22 B0/0 | H9: 0.571
A10: 8 | B10: rsi14_top_div | C10: 趨勢動能 | D10: TOP | E10: LEADING | F10: -73d | G10: T14/22 B0/0 | H10: 0.34 | I10: ⭐
A11: 9 | B11: breadth_top_divergence | C11: 信用廣度 | D11: TOP | E11: LEADING | F11: -69d | G11: T6/6 B0/0 | H11: 0.125 | I11: ⭐
A12: 10 | B12: hyoas_widen50 | C12: 信用廣度 | D12: TOP | E12: WEAK | F12: -64d | G12: T2/6 B0/0 | H12: 0.6087
A13: 11 | B13: obv_top_divergence | C13: 量價 | D13: TOP | E13: WEAK | F13: -64d | G13: T6/16 B0/0 | H13: 0.341
A14: 12 | B14: sma5_10_cross | C14: 趨勢動能 | D14: BOTH | E14: LEADING | F14: -60d | G14: T10/22 B16/22 | H14: 0.432
A15: 13 | B15: close_x_sma200 | C15: 趨勢動能 | D15: BOTH | E15: LEADING | F15: -56d | G15: T9/22 B15/22 | H15: 0.425
A16: 14 | B16: macd_wk_hist | C16: 趨勢動能 | D16: BOTH | E16: WEAK | F16: -55d | G16: T8/22 B5/22 | H16: 0.49
A17: 15 | B17: dd52w_cross_6 | C17: 趨勢動能 | D17: TOP | E17: LEADING | F17: -51d | G17: T11/22 B0/0 | H17: 0.525
A18: 16 | B18: VIX_price_rise_divergence | C18: 波動率 | D18: TOP | E18: LEADING | F18: -44d | G18: T6/7 B0/0 | H18: 0.4 | I18: ⭐
A19: 17 | B19: breadth_washout_recovery | C19: 信用廣度 | D19: BOTTOM | E19: LEADING | F19: -44d | G19: T0/0 B4/6 | H19: 0.3333 | I19: ⭐
A20: 18 | B20: score_break70 | C20: 信用廣度 | D20: TOP | E20: WEAK | F20: -44d | G20: T5/6 B0/0 | H20: 0.4355
A21: 19 | B21: hyoas_peak_falloff | C21: 信用廣度 | D21: BOTTOM | E21: LEADING | F21: -43d | G21: T0/0 B5/6 | H21: 0.4769 | I21: ⭐
A22: 20 | B22: volume_climax_reversal_1p5x | C22: 量價 | D22: BOTTOM | E22: WEAK | F22: -36d | G22: T0/0 B2/16 | H22: 0.5
A23: 21 | B23: obv_bottom_divergence | C23: 量價 | D23: BOTTOM | E23: LEADING | F23: -34d | G23: T0/0 B12/16 | H23: 0 | I23: ⭐
A24: 22 | B24: rsi14_bot_div | C24: 趨勢動能 | D24: BOTTOM | E24: LEADING | F24: -32d | G24: T0/0 B18/22 | H24: 0 | I24: ⭐
A25: 23 | B25: score_recover45 | C25: 信用廣度 | D25: BOTTOM | E25: LEADING | F25: -29d | G25: T0/0 B5/6 | H25: 0.4667 | I25: ⭐
A26: 24 | B26: HV20_peak_rolloff | C26: 波動率 | D26: BOTTOM | E26: WEAK | F26: -28d | G26: T0/0 B4/22 | H26: 0.125
A27: 25 | B27: wk10_40_cross | C27: 趨勢動能 | D27: BOTH | E27: WEAK | F27: -25d | G27: T2/22 B1/22 | H27: 0.529
A28: 26 | B28: VIX_squeeze_break | C28: 波動率 | D28: TOP | E28: WEAK | F28: -16d | G28: T1/7 B0/0 | H28: 0.429
A29: 27 | B29: s_CREDIT | C29: 月度支柱 | D29: BOTH | E29: WEAK | F29: -12月 | G29: T3/9 B5/9 | H29: 0.262
A30: 28 | B30: score | C30: 月度支柱 | D30: BOTH | E30: LEADING | F30: -8月 | G30: T8/9 B5/9 | H30: 0.232 | I30: ⭐
A31: 29 | B31: s_POLICY | C31: 月度支柱 | D31: BOTH | E31: LEADING | F31: -7月 | G31: T3/9 B6/9 | H31: 0.333
A32: 30 | B32: s_CURVE | C32: 月度支柱 | D32: TOP | E32: LEADING | F32: -7月 | G32: T5/9 B0/0 | H32: 0
A33: 31 | B33: s_INFL | C33: 月度支柱 | D33: TOP | E33: WEAK | F33: -7月 | G33: T3/9 B0/0 | H33: 0.111
A34: 32 | B34: s_VOL | C34: 月度支柱 | D34: TOP | E34: CONFIRMING | F34: -6月 | G34: T4/9 B0/0 | H34: 0.083
A35: 33 | B35: VIX_spike_reversal | C35: 波動率 | D35: BOTTOM | E35: COINCIDENT | F35: -2d | G35: T0/0 B5/7 | H35: 0.167 | I35: ⭐
A36: 34 | B36: volume_climax_reversal_spec | C36: 量價 | D36: BOTTOM | E36: WEAK | F36: +0d | G36: T0/0 B0/16 | H36: 0

Sheet 04_逐轉折lead矩陣
A1: 主要轉折 × 指標 lead (交易日, 月度族=月, 負=領先, 空=無訊號/不在覆蓋期)
A2: 轉折日期 | B2: 類型 | C2: rsi14_top_div | D2: rsi14_bot_div | E2: macd_wk_hist | F2: sma5_10_cross | G2: close_x_sma200 | H2: sma200_slope_neg | I2: wk10_40_cross | J2: dd52w_cross_6 | K2: HV20_rise_from_low_near_high | L2: HV20_peak_rolloff | M2: VIX_price_rise_divergence | N2: VIX_spike_reversal | O2: VIX_squeeze_break | P2: HV20_regime_cross25 | Q2: hyoas_widen50 | R2: hyoas_peak_falloff | S2: breadth_top_divergence | T2: breadth_washout_recovery | U2: breadth_break_first | V2: score_break70 | W2: score_recover45 | X2: vix_hyoas_double | Y2: obv_top_divergence | Z2: obv_bottom_divergence | AA2: distribution_cluster | AB2: volume_climax_reversal_spec | AC2: volume_climax_reversal_1p5x | AD2: newhigh_low_volume | AE2: s_CREDIT | AF2: s_POLICY | AG2: s_CURVE | AH2: s_INFL | AI2: s_VOL | AJ2: score
A3: 2000-03-10 | B3: TOP | C3: -68 | J3: -45 | K3: -42 | P3: -55 | AD3: -72
A4: 2000-04-14 | B4: BOTTOM | G4: 1
A5: 2000-05-01 | B5: TOP | C5: -71 | G5: -10 | J5: -80 | K5: -77 | P5: -90 | AD5: -85
A6: 2000-05-23 | B6: BOTTOM | D6: 0 | G6: -25 | L6: -6
A7: 2000-07-17 | B7: TOP | G7: -63 | I7: -25 | J7: -86 | K7: -83
A8: 2000-11-30 | B8: BOTTOM | D8: -13 | G8: -69
A9: 2000-12-11 | B9: TOP | G9: -65 | H9: -42
A10: 2001-01-02 | B10: BOTTOM | D10: -34 | F10: -1 | G10: -90
A11: 2001-01-24 | B11: TOP | H11: -71
A12: 2001-04-04 | B12: BOTTOM | D12: -90 | F12: -65 | L12: -49 | Z12: -30
A13: 2001-05-22 | B13: TOP
A14: 2001-09-21 | B14: BOTTOM | Z14: -25
A15: 2002-01-04 | B15: TOP | C15: -21 | G15: -9 | Y15: -21
A16: 2002-08-05 | B16: BOTTOM | D16: -71 | F16: -3 | Z16: -44
A17: 2002-08-22 | B17: TOP
A18: 2002-10-09 | B18: BOTTOM | D18: -90 | E18: -18 | F18: -49 | Z18: -90
A19: 2004-01-26 | B19: TOP | C19: -88 | E19: -42 | F19: -83 | J19: -82 | K19: -81 | P19: -79 | Y19: -88 | AA19: -45 | AD19: -18
A20: 2004-08-12 | B20: BOTTOM | F20: 5 | G20: -70 | Z20: -16
A21: 2007-10-31 | B21: TOP | C21: -2 | E21: -67 | F21: -89 | G21: -54 | J21: -65 | K21: -59 | Y21: -85 | AA21: -80 | AD21: -84 | AE21: -7 | AG21: -15 | AJ21: -15
A22: 2008-03-10 | B22: BOTTOM | D22: -22 | F22: -27 | G22: -72 | Z22: -42
A23: 2008-06-05 | B23: TOP | C23: 0 | G23: -12 | H23: -89 | Y23: -17 | AD23: -17
A24: 2008-10-27 | B24: BOTTOM | D24: -17 | E24: -55 | F24: -70 | G24: -54 | Z24: -20
A25: 2008-11-04 | B25: TOP | G25: -59
A26: 2008-11-20 | B26: BOTTOM | D26: -35 | E26: -73 | F26: -88 | G26: -72 | L26: -6 | Z26: -38
A27: 2009-01-06 | B27: TOP
A28: 2009-03-09 | B28: BOTTOM | D28: -90 | L28: -78 | Z28: -78
A29: 2010-04-23 | B29: TOP | C29: -89 | E29: -63 | F29: -67 | J29: -59 | K29: -67 | Y29: -66 | AA29: -88 | AD29: -83
A30: 2010-07-02 | B30: BOTTOM | D30: -19 | G30: -29 | Z30: -3 | AC30: -37
A31: 2011-04-29 | B31: TOP | C31: -58 | E31: -34 | F31: -67 | J31: -31 | K31: -81 | AA31: -47 | AD31: -88 | AI31: -6 | AJ31: -10
A32: 2011-10-03 | B32: BOTTOM | D32: -30 | F32: 5 | G32: -72 | Z32: -74 | AC32: -34
A33: 2015-07-20 | B33: TOP | C33: -83 | E33: -74 | F33: -78 | K33: -85 | M33: -11 | Y33: -61 | AA33: -80
A34: 2016-02-11 | B34: BOTTOM | D34: -18 | E34: -70 | F34: -34 | G34: -75 | I34: -46 | Z34: -4
A35: 2018-08-29 | B35: TOP | C35: -49 | F35: -70 | K35: -80 | M35: -41 | S35: -61 | U35: -80 | V35: -89
A36: 2018-12-24 | B36: BOTTOM | D36: -41 | F36: -33 | G36: -49 | N36: 1 | W36: -35
A37: 2020-02-19 | B37: TOP | C37: -78 | F37: -50 | J37: 3 | K37: -90 | M37: -47 | O37: -16 | S37: -78 | U37: -90 | V37: 3 | X37: -16
A38: 2020-03-20 | B38: BOTTOM | F38: 5 | G38: -8 | N38: -14 | R38: 4 | W38: -8 | AE38: -9 | AF38: -7 | AJ38: 2
A39: 2021-11-19 | B39: TOP | C39: -85 | E39: -40 | F39: -88 | J39: -36 | K39: -44 | M39: -80 | Q39: -44 | S39: -63 | U39: -44 | V39: -44 | X39: -82
A40: 2022-03-14 | B40: BOTTOM | D40: -14 | F40: 3 | G40: -27 | N40: -2 | R40: -88 | T40: -12 | W40: -29
A41: 2022-03-29 | B41: TOP | C41: -89 | E41: -79 | F41: -83 | G41: -47 | I41: -22 | J41: -51 | K41: -84 | M41: -85 | P41: -70 | Q41: -84 | S41: -89 | V41: -84 | X41: -87
A42: 2022-06-16 | B42: BOTTOM | D42: -80 | F42: -63 | G42: -88 | N42: -68 | R42: -84 | T42: -78 | W42: -56
A43: 2022-08-15 | B43: TOP | G43: -90 | H43: -77 | S43: -7 | X43: -78
A44: 2022-12-28 | B44: BOTTOM | D44: -55 | E44: -31 | F44: -57 | R44: -43 | T44: -76
A45: 2025-02-19 | B45: TOP | C45: -75 | E45: -26 | F45: -81 | J45: -24 | K45: -73 | M45: -37 | S45: -75 | U45: -84 | V45: -40
A46: 2025-04-08 | B46: BOTTOM | D46: -3 | F46: 5 | N46: 1 | R46: 4 | T46: -11 | W46: -13
